2026-22-08 22:58:51 [main] INFO  com.wudd.TliasServerApplication - Starting TliasServerApplication using Java 21.0.12 with PID 31620 (D:\10_Code\complete-project\Complete-Tlias\tlias-server\target\classes started by wudd in D:\10_Code\complete-project\Complete-Tlias\tlias-server)
2026-22-08 22:58:51 [main] DEBUG com.wudd.TliasServerApplication - Running with Spring Boot v4.0.8, Spring v7.0.9
2026-22-08 22:58:51 [main] INFO  com.wudd.TliasServerApplication - No active profile set, falling back to 1 default profile: "default"
2026-22-08 22:58:51 [main] INFO  org.springframework.boot.tomcat.TomcatWebServer - Tomcat initialized with port 8080 (http)
2026-22-08 22:58:51 [main] INFO  org.apache.coyote.http11.Http11NioProtocol - Initializing ProtocolHandler ["http-nio-8080"]
2026-22-08 22:58:51 [main] INFO  org.apache.catalina.core.StandardService - Starting service [Tomcat]
2026-22-08 22:58:51 [main] INFO  org.apache.catalina.core.StandardEngine - Starting Servlet engine: [Apache Tomcat/11.0.24]
2026-22-08 22:58:51 [main] INFO  o.s.b.w.c.servlet.WebApplicationContextInitializer - Root WebApplicationContext: initialization completed in 748 ms
2026-22-08 22:58:52 [main] INFO  org.apache.coyote.http11.Http11NioProtocol - Starting ProtocolHandler ["http-nio-8080"]
2026-22-08 22:58:52 [main] INFO  org.springframework.boot.tomcat.TomcatWebServer - Tomcat started on port 8080 (http) with context path '/'
2026-22-08 22:58:52 [main] INFO  com.wudd.TliasServerApplication - Started TliasServerApplication in 1.759 seconds (process running for 2.279)
2026-22-08 22:59:00 [http-nio-8080-exec-1] INFO  o.a.c.core.ContainerBase.[Tomcat].[localhost].[/] - Initializing Spring DispatcherServlet 'dispatcherServlet'
2026-22-08 22:59:00 [http-nio-8080-exec-1] INFO  org.springframework.web.servlet.DispatcherServlet - Initializing Servlet 'dispatcherServlet'
2026-22-08 22:59:00 [http-nio-8080-exec-1] INFO  org.springframework.web.servlet.DispatcherServlet - Completed initialization in 0 ms
2026-22-08 22:59:00 [http-nio-8080-exec-1] INFO  com.wudd.controller.EmpController - 查询员工列表请求
2026-22-08 22:59:00 [http-nio-8080-exec-1] INFO  com.zaxxer.hikari.HikariDataSource - HikariPool-1 - Starting...
2026-22-08 22:59:01 [http-nio-8080-exec-1] INFO  com.zaxxer.hikari.pool.HikariPool - HikariPool-1 - Added connection com.mysql.cj.jdbc.ConnectionImpl@1d975b1c
2026-22-08 22:59:01 [http-nio-8080-exec-1] INFO  com.zaxxer.hikari.HikariDataSource - HikariPool-1 - Start completed.
2026-22-08 22:59:01 [http-nio-8080-exec-1] ERROR com.wudd.exception.GlobalExceptionHandler - 全局异常处理器-拦截到异常：
org.mybatis.spring.MyBatisSystemException: 
### Error querying database.  Cause: org.apache.ibatis.reflection.ReflectionException: Could not set property 'updateTime' of 'class com.wudd.pojo.Emp' with value '2026-10-08T15:07:47' Cause: org.apache.ibatis.reflection.ReflectionException: There is no setter for property named 'updateTime' in 'class com.wudd.pojo.Emp'
### The error may exist in com/wudd/mapper/EmpMapper.xml
### The error may involve com.wudd.mapper.EmpMapper.queryEmpList
### The error occurred while handling results
### SQL: select e.id, e.name as emp_name, e.username, e.gender, e.avatar, e.entry_date, e.update_time,                d.name as dept_name,                j.name as emp_job,                ex.company, ex.job as expr_job, ex.begin, ex.end         from emp e         left join dept d on e.dept_id=d.id         left join job j on e.job_id=j.id         left join expr ex on e.id=ex.emp_id
### Cause: org.apache.ibatis.reflection.ReflectionException: Could not set property 'updateTime' of 'class com.wudd.pojo.Emp' with value '2026-10-08T15:07:47' Cause: org.apache.ibatis.reflection.ReflectionException: There is no setter for property named 'updateTime' in 'class com.wudd.pojo.Emp'
	at org.mybatis.spring.MyBatisExceptionTranslator.translateExceptionIfPossible(MyBatisExceptionTranslator.java:101)
	at org.mybatis.spring.SqlSessionTemplate$SqlSessionInterceptor.invoke(SqlSessionTemplate.java:362)
	at jdk.proxy2/jdk.proxy2.$Proxy75.selectList(Unknown Source)
	at org.mybatis.spring.SqlSessionTemplate.selectList(SqlSessionTemplate.java:209)
	at org.apache.ibatis.binding.MapperMethod.executeForMany(MapperMethod.java:147)
	at org.apache.ibatis.binding.MapperMethod.execute(MapperMethod.java:80)
	at org.apache.ibatis.binding.MapperProxy$PlainMethodInvoker.invoke(MapperProxy.java:141)
	at org.apache.ibatis.binding.MapperProxy.invoke(MapperProxy.java:86)
	at jdk.proxy2/jdk.proxy2.$Proxy82.queryEmpList(Unknown Source)
	at com.wudd.server.impl.EmpServerImpl.queryEmpList(EmpServerImpl.java:24)
	at com.wudd.controller.EmpController.queryEmpList(EmpController.java:26)
	at java.base/jdk.internal.reflect.DirectMethodHandleAccessor.invoke(DirectMethodHandleAccessor.java:103)
	at java.base/java.lang.reflect.Method.invoke(Method.java:580)
	at org.springframework.aop.support.AopUtils.invokeJoinpointUsingReflection(AopUtils.java:359)
	at org.springframework.aop.framework.ReflectiveMethodInvocation.invokeJoinpoint(ReflectiveMethodInvocation.java:190)
	at org.springframework.aop.framework.ReflectiveMethodInvocation.proceed(ReflectiveMethodInvocation.java:158)
	at org.springframework.aop.aspectj.MethodInvocationProceedingJoinPoint.proceed(MethodInvocationProceedingJoinPoint.java:82)
	at com.wudd.aspect.ControllerLogAspect.controllerLogAspect(ControllerLogAspect.java:28)
	at java.base/jdk.internal.reflect.DirectMethodHandleAccessor.invoke(DirectMethodHandleAccessor.java:103)
	at java.base/java.lang.reflect.Method.invoke(Method.java:580)
	at org.springframework.aop.aspectj.AbstractAspectJAdvice.invokeAdviceMethodWithGivenArgs(AbstractAspectJAdvice.java:648)
	at org.springframework.aop.aspectj.AbstractAspectJAdvice.invokeAdviceMethod(AbstractAspectJAdvice.java:630)
	at org.springframework.aop.aspectj.AspectJAroundAdvice.invoke(AspectJAroundAdvice.java:70)
	at org.springframework.aop.framework.ReflectiveMethodInvocation.proceed(ReflectiveMethodInvocation.java:179)
	at org.springframework.aop.interceptor.ExposeInvocationInterceptor.invoke(ExposeInvocationInterceptor.java:96)
	at org.springframework.aop.framework.ReflectiveMethodInvocation.proceed(ReflectiveMethodInvocation.java:179)
	at org.springframework.aop.framework.CglibAopProxy$DynamicAdvisedInterceptor.intercept(CglibAopProxy.java:719)
	at com.wudd.controller.EmpController$$SpringCGLIB$$0.queryEmpList(<generated>)
	at java.base/jdk.internal.reflect.DirectMethodHandleAccessor.invoke(DirectMethodHandleAccessor.java:103)
	at java.base/java.lang.reflect.Method.invoke(Method.java:580)
	at org.springframework.web.method.support.InvocableHandlerMethod.doInvoke(InvocableHandlerMethod.java:252)
	at org.springframework.web.method.support.InvocableHandlerMethod.invokeForRequest(InvocableHandlerMethod.java:184)
	at org.springframework.web.servlet.mvc.method.annotation.ServletInvocableHandlerMethod.invokeAndHandle(ServletInvocableHandlerMethod.java:117)
	at org.springframework.web.servlet.mvc.method.annotation.RequestMappingHandlerAdapter.invokeHandlerMethod(RequestMappingHandlerAdapter.java:934)
	at org.springframework.web.servlet.mvc.method.annotation.RequestMappingHandlerAdapter.handleInternal(RequestMappingHandlerAdapter.java:853)
	at org.springframework.web.servlet.mvc.method.AbstractHandlerMethodAdapter.handle(AbstractHandlerMethodAdapter.java:86)
	at org.springframework.web.servlet.DispatcherServlet.doDispatch(DispatcherServlet.java:963)
	at org.springframework.web.servlet.DispatcherServlet.doService(DispatcherServlet.java:866)
	at org.springframework.web.servlet.FrameworkServlet.processRequest(FrameworkServlet.java:1000)
	at org.springframework.web.servlet.FrameworkServlet.doGet(FrameworkServlet.java:892)
	at jakarta.servlet.http.HttpServlet.service(HttpServlet.java:622)
	at org.springframework.web.servlet.FrameworkServlet.service(FrameworkServlet.java:874)
	at jakarta.servlet.http.HttpServlet.service(HttpServlet.java:710)
	at org.apache.catalina.core.ApplicationFilterChain.doFilter(ApplicationFilterChain.java:132)
	at org.apache.tomcat.websocket.server.WsFilter.doFilter(WsFilter.java:59)
	at org.apache.catalina.core.ApplicationFilterChain.doFilter(ApplicationFilterChain.java:111)
	at org.springframework.web.filter.RequestContextFilter.doFilterInternal(RequestContextFilter.java:100)
	at org.springframework.web.filter.OncePerRequestFilter.doFilter(OncePerRequestFilter.java:116)
	at org.apache.catalina.core.ApplicationFilterChain.doFilter(ApplicationFilterChain.java:111)
	at org.springframework.web.filter.FormContentFilter.doFilterInternal(FormContentFilter.java:93)
	at org.springframework.web.filter.OncePerRequestFilter.doFilter(OncePerRequestFilter.java:116)
	at org.apache.catalina.core.ApplicationFilterChain.doFilter(ApplicationFilterChain.java:111)
	at org.springframework.web.filter.CharacterEncodingFilter.doFilterInternal(CharacterEncodingFilter.java:199)
	at org.springframework.web.filter.OncePerRequestFilter.doFilter(OncePerRequestFilter.java:116)
	at org.apache.catalina.core.ApplicationFilterChain.doFilter(ApplicationFilterChain.java:111)
	at org.apache.catalina.core.StandardWrapperValve.invoke(StandardWrapperValve.java:165)
	at org.apache.catalina.core.StandardContextValve.invoke(StandardContextValve.java:77)
	at org.apache.catalina.authenticator.AuthenticatorBase.invoke(AuthenticatorBase.java:535)
	at org.apache.catalina.core.StandardHostValve.invoke(StandardHostValve.java:115)
	at org.apache.catalina.valves.ErrorReportValve.invoke(ErrorReportValve.java:86)
	at org.apache.catalina.core.StandardEngineValve.invoke(StandardEngineValve.java:71)
	at org.apache.catalina.connector.CoyoteAdapter.service(CoyoteAdapter.java:347)
	at org.apache.coyote.http11.Http11Processor.service(Http11Processor.java:406)
	at org.apache.coyote.AbstractProcessorLight.process(AbstractProcessorLight.java:71)
	at org.apache.coyote.AbstractProtocol$ConnectionHandler.process(AbstractProtocol.java:1307)
	at org.apache.tomcat.util.net.NioEndpoint$SocketProcessor.doRun(NioEndpoint.java:2036)
	at org.apache.tomcat.util.net.SocketProcessorBase.run(SocketProcessorBase.java:74)
	at org.apache.tomcat.util.threads.ThreadPoolExecutor.runWorker(ThreadPoolExecutor.java:949)
	at org.apache.tomcat.util.threads.ThreadPoolExecutor$Worker.run(ThreadPoolExecutor.java:483)
	at org.apache.tomcat.util.threads.TaskThread$WrappingRunnable.run(TaskThread.java:74)
	at java.base/java.lang.Thread.run(Thread.java:1583)
Caused by: org.apache.ibatis.reflection.ReflectionException: Could not set property 'updateTime' of 'class com.wudd.pojo.Emp' with value '2026-10-08T15:07:47' Cause: org.apache.ibatis.reflection.ReflectionException: There is no setter for property named 'updateTime' in 'class com.wudd.pojo.Emp'
	at org.apache.ibatis.reflection.wrapper.BeanWrapper.setBeanProperty(BeanWrapper.java:181)
	at org.apache.ibatis.reflection.wrapper.BeanWrapper.set(BeanWrapper.java:61)
	at org.apache.ibatis.reflection.MetaObject.setValue(MetaObject.java:119)
	at org.apache.ibatis.executor.resultset.DefaultResultSetHandler.applyPropertyMappings(DefaultResultSetHandler.java:512)
	at org.apache.ibatis.executor.resultset.DefaultResultSetHandler.getRowValue(DefaultResultSetHandler.java:447)
	at org.apache.ibatis.executor.resultset.DefaultResultSetHandler.handleRowValuesForNestedResultMap(DefaultResultSetHandler.java:1034)
	at org.apache.ibatis.executor.resultset.DefaultResultSetHandler.handleRowValues(DefaultResultSetHandler.java:335)
	at org.apache.ibatis.executor.resultset.DefaultResultSetHandler.handleResultSet(DefaultResultSetHandler.java:310)
	at org.apache.ibatis.executor.resultset.DefaultResultSetHandler.handleResultSets(DefaultResultSetHandler.java:202)
	at org.apache.ibatis.executor.statement.PreparedStatementHandler.query(PreparedStatementHandler.java:66)
	at org.apache.ibatis.executor.statement.RoutingStatementHandler.query(RoutingStatementHandler.java:80)
	at org.apache.ibatis.executor.SimpleExecutor.doQuery(SimpleExecutor.java:65)
	at org.apache.ibatis.executor.BaseExecutor.queryFromDatabase(BaseExecutor.java:336)
	at org.apache.ibatis.executor.BaseExecutor.query(BaseExecutor.java:158)
	at org.apache.ibatis.executor.CachingExecutor.query(CachingExecutor.java:110)
	at org.apache.ibatis.executor.CachingExecutor.query(CachingExecutor.java:90)
	at org.apache.ibatis.session.defaults.DefaultSqlSession.selectList(DefaultSqlSession.java:154)
	at org.apache.ibatis.session.defaults.DefaultSqlSession.selectList(DefaultSqlSession.java:147)
	at org.apache.ibatis.session.defaults.DefaultSqlSession.selectList(DefaultSqlSession.java:142)
	at java.base/jdk.internal.reflect.DirectMethodHandleAccessor.invoke(DirectMethodHandleAccessor.java:103)
	at java.base/java.lang.reflect.Method.invoke(Method.java:580)
	at org.mybatis.spring.SqlSessionTemplate$SqlSessionInterceptor.invoke(SqlSessionTemplate.java:348)
	... 69 common frames omitted
Caused by: org.apache.ibatis.reflection.ReflectionException: There is no setter for property named 'updateTime' in 'class com.wudd.pojo.Emp'
	at org.apache.ibatis.reflection.Reflector.getSetInvoker(Reflector.java:377)
	at org.apache.ibatis.reflection.MetaClass.getSetInvoker(MetaClass.java:164)
	at org.apache.ibatis.reflection.wrapper.BeanWrapper.setBeanProperty(BeanWrapper.java:172)
	... 90 common frames omitted
2026-23-08 23:00:20 [SpringApplicationShutdownHook] INFO  org.springframework.boot.tomcat.GracefulShutdown - Commencing graceful shutdown. Waiting for active requests to complete
2026-23-08 23:00:20 [tomcat-shutdown] INFO  org.springframework.boot.tomcat.GracefulShutdown - Graceful shutdown complete
2026-23-08 23:00:20 [SpringApplicationShutdownHook] INFO  com.zaxxer.hikari.HikariDataSource - HikariPool-1 - Shutdown initiated...
2026-23-08 23:00:20 [SpringApplicationShutdownHook] INFO  com.zaxxer.hikari.HikariDataSource - HikariPool-1 - Shutdown completed.
2026-23-08 23:00:23 [main] INFO  com.wudd.TliasServerApplication - Starting TliasServerApplication using Java 21.0.12 with PID 45784 (D:\10_Code\complete-project\Complete-Tlias\tlias-server\target\classes started by wudd in D:\10_Code\complete-project\Complete-Tlias\tlias-server)
2026-23-08 23:00:23 [main] DEBUG com.wudd.TliasServerApplication - Running with Spring Boot v4.0.8, Spring v7.0.9
2026-23-08 23:00:23 [main] INFO  com.wudd.TliasServerApplication - No active profile set, falling back to 1 default profile: "default"
2026-23-08 23:00:24 [main] INFO  org.springframework.boot.tomcat.TomcatWebServer - Tomcat initialized with port 8080 (http)
2026-23-08 23:00:24 [main] INFO  org.apache.coyote.http11.Http11NioProtocol - Initializing ProtocolHandler ["http-nio-8080"]
2026-23-08 23:00:24 [main] INFO  org.apache.catalina.core.StandardService - Starting service [Tomcat]
2026-23-08 23:00:24 [main] INFO  org.apache.catalina.core.StandardEngine - Starting Servlet engine: [Apache Tomcat/11.0.24]
2026-23-08 23:00:24 [main] INFO  o.s.b.w.c.servlet.WebApplicationContextInitializer - Root WebApplicationContext: initialization completed in 593 ms
2026-23-08 23:00:24 [main] INFO  org.apache.coyote.http11.Http11NioProtocol - Starting ProtocolHandler ["http-nio-8080"]
2026-23-08 23:00:24 [main] INFO  org.springframework.boot.tomcat.TomcatWebServer - Tomcat started on port 8080 (http) with context path '/'
2026-23-08 23:00:24 [main] INFO  com.wudd.TliasServerApplication - Started TliasServerApplication in 1.34 seconds (process running for 1.715)
2026-23-08 23:00:31 [http-nio-8080-exec-1] INFO  o.a.c.core.ContainerBase.[Tomcat].[localhost].[/] - Initializing Spring DispatcherServlet 'dispatcherServlet'
2026-23-08 23:00:31 [http-nio-8080-exec-1] INFO  org.springframework.web.servlet.DispatcherServlet - Initializing Servlet 'dispatcherServlet'
2026-23-08 23:00:31 [http-nio-8080-exec-1] INFO  org.springframework.web.servlet.DispatcherServlet - Completed initialization in 6 ms
2026-23-08 23:00:31 [http-nio-8080-exec-1] INFO  com.wudd.controller.EmpController - 查询员工列表请求
2026-23-08 23:00:31 [http-nio-8080-exec-1] INFO  com.zaxxer.hikari.HikariDataSource - HikariPool-1 - Starting...
2026-23-08 23:00:31 [http-nio-8080-exec-1] INFO  com.zaxxer.hikari.pool.HikariPool - HikariPool-1 - Added connection com.mysql.cj.jdbc.ConnectionImpl@39e3ece2
2026-23-08 23:00:31 [http-nio-8080-exec-1] INFO  com.zaxxer.hikari.HikariDataSource - HikariPool-1 - Start completed.
2026-23-08 23:00:31 [http-nio-8080-exec-1] ERROR com.wudd.exception.GlobalExceptionHandler - 全局异常处理器-拦截到异常：
org.mybatis.spring.MyBatisSystemException: 
### Error querying database.  Cause: org.apache.ibatis.reflection.ReflectionException: Could not set property 'company' of 'class com.wudd.pojo.Emp' with value '百度' Cause: org.apache.ibatis.reflection.ReflectionException: There is no setter for property named 'company' in 'class com.wudd.pojo.Emp'
### The error may exist in com/wudd/mapper/EmpMapper.xml
### The error may involve com.wudd.mapper.EmpMapper.queryEmpList
### The error occurred while handling results
### SQL: select e.id, e.name as emp_name, e.username, e.gender, e.avatar, e.entry_date, e.update_time,                d.name as dept_name,                j.name as emp_job,                ex.company, ex.job as expr_job, ex.begin, ex.end         from emp e         left join dept d on e.dept_id=d.id         left join job j on e.job_id=j.id         left join expr ex on e.id=ex.emp_id
### Cause: org.apache.ibatis.reflection.ReflectionException: Could not set property 'company' of 'class com.wudd.pojo.Emp' with value '百度' Cause: org.apache.ibatis.reflection.ReflectionException: There is no setter for property named 'company' in 'class com.wudd.pojo.Emp'
	at org.mybatis.spring.MyBatisExceptionTranslator.translateExceptionIfPossible(MyBatisExceptionTranslator.java:101)
	at org.mybatis.spring.SqlSessionTemplate$SqlSessionInterceptor.invoke(SqlSessionTemplate.java:362)
	at jdk.proxy2/jdk.proxy2.$Proxy75.selectList(Unknown Source)
	at org.mybatis.spring.SqlSessionTemplate.selectList(SqlSessionTemplate.java:209)
	at org.apache.ibatis.binding.MapperMethod.executeForMany(MapperMethod.java:147)
	at org.apache.ibatis.binding.MapperMethod.execute(MapperMethod.java:80)
	at org.apache.ibatis.binding.MapperProxy$PlainMethodInvoker.invoke(MapperProxy.java:141)
	at org.apache.ibatis.binding.MapperProxy.invoke(MapperProxy.java:86)
	at jdk.proxy2/jdk.proxy2.$Proxy82.queryEmpList(Unknown Source)
	at com.wudd.server.impl.EmpServerImpl.queryEmpList(EmpServerImpl.java:24)
	at com.wudd.controller.EmpController.queryEmpList(EmpController.java:26)
	at java.base/jdk.internal.reflect.DirectMethodHandleAccessor.invoke(DirectMethodHandleAccessor.java:103)
	at java.base/java.lang.reflect.Method.invoke(Method.java:580)
	at org.springframework.aop.support.AopUtils.invokeJoinpointUsingReflection(AopUtils.java:359)
	at org.springframework.aop.framework.ReflectiveMethodInvocation.invokeJoinpoint(ReflectiveMethodInvocation.java:190)
	at org.springframework.aop.framework.ReflectiveMethodInvocation.proceed(ReflectiveMethodInvocation.java:158)
	at org.springframework.aop.aspectj.MethodInvocationProceedingJoinPoint.proceed(MethodInvocationProceedingJoinPoint.java:82)
	at com.wudd.aspect.ControllerLogAspect.controllerLogAspect(ControllerLogAspect.java:28)
	at java.base/jdk.internal.reflect.DirectMethodHandleAccessor.invoke(DirectMethodHandleAccessor.java:103)
	at java.base/java.lang.reflect.Method.invoke(Method.java:580)
	at org.springframework.aop.aspectj.AbstractAspectJAdvice.invokeAdviceMethodWithGivenArgs(AbstractAspectJAdvice.java:648)
	at org.springframework.aop.aspectj.AbstractAspectJAdvice.invokeAdviceMethod(AbstractAspectJAdvice.java:630)
	at org.springframework.aop.aspectj.AspectJAroundAdvice.invoke(AspectJAroundAdvice.java:70)
	at org.springframework.aop.framework.ReflectiveMethodInvocation.proceed(ReflectiveMethodInvocation.java:179)
	at org.springframework.aop.interceptor.ExposeInvocationInterceptor.invoke(ExposeInvocationInterceptor.java:96)
	at org.springframework.aop.framework.ReflectiveMethodInvocation.proceed(ReflectiveMethodInvocation.java:179)
	at org.springframework.aop.framework.CglibAopProxy$DynamicAdvisedInterceptor.intercept(CglibAopProxy.java:719)
	at com.wudd.controller.EmpController$$SpringCGLIB$$0.queryEmpList(<generated>)
	at java.base/jdk.internal.reflect.DirectMethodHandleAccessor.invoke(DirectMethodHandleAccessor.java:103)
	at java.base/java.lang.reflect.Method.invoke(Method.java:580)
	at org.springframework.web.method.support.InvocableHandlerMethod.doInvoke(InvocableHandlerMethod.java:252)
	at org.springframework.web.method.support.InvocableHandlerMethod.invokeForRequest(InvocableHandlerMethod.java:184)
	at org.springframework.web.servlet.mvc.method.annotation.ServletInvocableHandlerMethod.invokeAndHandle(ServletInvocableHandlerMethod.java:117)
	at org.springframework.web.servlet.mvc.method.annotation.RequestMappingHandlerAdapter.invokeHandlerMethod(RequestMappingHandlerAdapter.java:934)
	at org.springframework.web.servlet.mvc.method.annotation.RequestMappingHandlerAdapter.handleInternal(RequestMappingHandlerAdapter.java:853)
	at org.springframework.web.servlet.mvc.method.AbstractHandlerMethodAdapter.handle(AbstractHandlerMethodAdapter.java:86)
	at org.springframework.web.servlet.DispatcherServlet.doDispatch(DispatcherServlet.java:963)
	at org.springframework.web.servlet.DispatcherServlet.doService(DispatcherServlet.java:866)
	at org.springframework.web.servlet.FrameworkServlet.processRequest(FrameworkServlet.java:1000)
	at org.springframework.web.servlet.FrameworkServlet.doGet(FrameworkServlet.java:892)
	at jakarta.servlet.http.HttpServlet.service(HttpServlet.java:622)
	at org.springframework.web.servlet.FrameworkServlet.service(FrameworkServlet.java:874)
	at jakarta.servlet.http.HttpServlet.service(HttpServlet.java:710)
	at org.apache.catalina.core.ApplicationFilterChain.doFilter(ApplicationFilterChain.java:132)
	at org.apache.tomcat.websocket.server.WsFilter.doFilter(WsFilter.java:59)
	at org.apache.catalina.core.ApplicationFilterChain.doFilter(ApplicationFilterChain.java:111)
	at org.springframework.web.filter.RequestContextFilter.doFilterInternal(RequestContextFilter.java:100)
	at org.springframework.web.filter.OncePerRequestFilter.doFilter(OncePerRequestFilter.java:116)
	at org.apache.catalina.core.ApplicationFilterChain.doFilter(ApplicationFilterChain.java:111)
	at org.springframework.web.filter.FormContentFilter.doFilterInternal(FormContentFilter.java:93)
	at org.springframework.web.filter.OncePerRequestFilter.doFilter(OncePerRequestFilter.java:116)
	at org.apache.catalina.core.ApplicationFilterChain.doFilter(ApplicationFilterChain.java:111)
	at org.springframework.web.filter.CharacterEncodingFilter.doFilterInternal(CharacterEncodingFilter.java:199)
	at org.springframework.web.filter.OncePerRequestFilter.doFilter(OncePerRequestFilter.java:116)
	at org.apache.catalina.core.ApplicationFilterChain.doFilter(ApplicationFilterChain.java:111)
	at org.apache.catalina.core.StandardWrapperValve.invoke(StandardWrapperValve.java:165)
	at org.apache.catalina.core.StandardContextValve.invoke(StandardContextValve.java:77)
	at org.apache.catalina.authenticator.AuthenticatorBase.invoke(AuthenticatorBase.java:535)
	at org.apache.catalina.core.StandardHostValve.invoke(StandardHostValve.java:115)
	at org.apache.catalina.valves.ErrorReportValve.invoke(ErrorReportValve.java:86)
	at org.apache.catalina.core.StandardEngineValve.invoke(StandardEngineValve.java:71)
	at org.apache.catalina.connector.CoyoteAdapter.service(CoyoteAdapter.java:347)
	at org.apache.coyote.http11.Http11Processor.service(Http11Processor.java:406)
	at org.apache.coyote.AbstractProcessorLight.process(AbstractProcessorLight.java:71)
	at org.apache.coyote.AbstractProtocol$ConnectionHandler.process(AbstractProtocol.java:1307)
	at org.apache.tomcat.util.net.NioEndpoint$SocketProcessor.doRun(NioEndpoint.java:2036)
	at org.apache.tomcat.util.net.SocketProcessorBase.run(SocketProcessorBase.java:74)
	at org.apache.tomcat.util.threads.ThreadPoolExecutor.runWorker(ThreadPoolExecutor.java:949)
	at org.apache.tomcat.util.threads.ThreadPoolExecutor$Worker.run(ThreadPoolExecutor.java:483)
	at org.apache.tomcat.util.threads.TaskThread$WrappingRunnable.run(TaskThread.java:74)
	at java.base/java.lang.Thread.run(Thread.java:1583)
Caused by: org.apache.ibatis.reflection.ReflectionException: Could not set property 'company' of 'class com.wudd.pojo.Emp' with value '百度' Cause: org.apache.ibatis.reflection.ReflectionException: There is no setter for property named 'company' in 'class com.wudd.pojo.Emp'
	at org.apache.ibatis.reflection.wrapper.BeanWrapper.setBeanProperty(BeanWrapper.java:181)
	at org.apache.ibatis.reflection.wrapper.BeanWrapper.set(BeanWrapper.java:61)
	at org.apache.ibatis.reflection.MetaObject.setValue(MetaObject.java:119)
	at org.apache.ibatis.executor.resultset.DefaultResultSetHandler.applyPropertyMappings(DefaultResultSetHandler.java:512)
	at org.apache.ibatis.executor.resultset.DefaultResultSetHandler.getRowValue(DefaultResultSetHandler.java:447)
	at org.apache.ibatis.executor.resultset.DefaultResultSetHandler.applyNestedResultMappings(DefaultResultSetHandler.java:1078)
	at org.apache.ibatis.executor.resultset.DefaultResultSetHandler.getRowValue(DefaultResultSetHandler.java:449)
	at org.apache.ibatis.executor.resultset.DefaultResultSetHandler.handleRowValuesForNestedResultMap(DefaultResultSetHandler.java:1034)
	at org.apache.ibatis.executor.resultset.DefaultResultSetHandler.handleRowValues(DefaultResultSetHandler.java:335)
	at org.apache.ibatis.executor.resultset.DefaultResultSetHandler.handleResultSet(DefaultResultSetHandler.java:310)
	at org.apache.ibatis.executor.resultset.DefaultResultSetHandler.handleResultSets(DefaultResultSetHandler.java:202)
	at org.apache.ibatis.executor.statement.PreparedStatementHandler.query(PreparedStatementHandler.java:66)
	at org.apache.ibatis.executor.statement.RoutingStatementHandler.query(RoutingStatementHandler.java:80)
	at org.apache.ibatis.executor.SimpleExecutor.doQuery(SimpleExecutor.java:65)
	at org.apache.ibatis.executor.BaseExecutor.queryFromDatabase(BaseExecutor.java:336)
	at org.apache.ibatis.executor.BaseExecutor.query(BaseExecutor.java:158)
	at org.apache.ibatis.executor.CachingExecutor.query(CachingExecutor.java:110)
	at org.apache.ibatis.executor.CachingExecutor.query(CachingExecutor.java:90)
	at org.apache.ibatis.session.defaults.DefaultSqlSession.selectList(DefaultSqlSession.java:154)
	at org.apache.ibatis.session.defaults.DefaultSqlSession.selectList(DefaultSqlSession.java:147)
	at org.apache.ibatis.session.defaults.DefaultSqlSession.selectList(DefaultSqlSession.java:142)
	at java.base/jdk.internal.reflect.DirectMethodHandleAccessor.invoke(DirectMethodHandleAccessor.java:103)
	at java.base/java.lang.reflect.Method.invoke(Method.java:580)
	at org.mybatis.spring.SqlSessionTemplate$SqlSessionInterceptor.invoke(SqlSessionTemplate.java:348)
	... 69 common frames omitted
Caused by: org.apache.ibatis.reflection.ReflectionException: There is no setter for property named 'company' in 'class com.wudd.pojo.Emp'
	at org.apache.ibatis.reflection.Reflector.getSetInvoker(Reflector.java:377)
	at org.apache.ibatis.reflection.MetaClass.getSetInvoker(MetaClass.java:164)
	at org.apache.ibatis.reflection.wrapper.BeanWrapper.setBeanProperty(BeanWrapper.java:172)
	... 92 common frames omitted
2026-23-08 23:01:52 [SpringApplicationShutdownHook] INFO  org.springframework.boot.tomcat.GracefulShutdown - Commencing graceful shutdown. Waiting for active requests to complete
2026-23-08 23:01:52 [tomcat-shutdown] INFO  org.springframework.boot.tomcat.GracefulShutdown - Graceful shutdown complete
2026-23-08 23:01:52 [SpringApplicationShutdownHook] INFO  com.zaxxer.hikari.HikariDataSource - HikariPool-1 - Shutdown initiated...
2026-23-08 23:01:52 [SpringApplicationShutdownHook] INFO  com.zaxxer.hikari.HikariDataSource - HikariPool-1 - Shutdown completed.
2026-23-08 23:01:55 [main] INFO  com.wudd.TliasServerApplication - Starting TliasServerApplication using Java 21.0.12 with PID 20720 (D:\10_Code\complete-project\Complete-Tlias\tlias-server\target\classes started by wudd in D:\10_Code\complete-project\Complete-Tlias\tlias-server)
2026-23-08 23:01:55 [main] DEBUG com.wudd.TliasServerApplication - Running with Spring Boot v4.0.8, Spring v7.0.9
2026-23-08 23:01:55 [main] INFO  com.wudd.TliasServerApplication - No active profile set, falling back to 1 default profile: "default"
2026-23-08 23:01:55 [main] INFO  org.springframework.boot.tomcat.TomcatWebServer - Tomcat initialized with port 8080 (http)
2026-23-08 23:01:55 [main] INFO  org.apache.coyote.http11.Http11NioProtocol - Initializing ProtocolHandler ["http-nio-8080"]
2026-23-08 23:01:55 [main] INFO  org.apache.catalina.core.StandardService - Starting service [Tomcat]
2026-23-08 23:01:55 [main] INFO  org.apache.catalina.core.StandardEngine - Starting Servlet engine: [Apache Tomcat/11.0.24]
2026-23-08 23:01:55 [main] INFO  o.s.b.w.c.servlet.WebApplicationContextInitializer - Root WebApplicationContext: initialization completed in 594 ms
2026-23-08 23:01:56 [main] INFO  org.apache.coyote.http11.Http11NioProtocol - Starting ProtocolHandler ["http-nio-8080"]
2026-23-08 23:01:56 [main] INFO  org.springframework.boot.tomcat.TomcatWebServer - Tomcat started on port 8080 (http) with context path '/'
2026-23-08 23:01:56 [main] INFO  com.wudd.TliasServerApplication - Started TliasServerApplication in 1.417 seconds (process running for 1.812)
2026-23-08 23:01:58 [http-nio-8080-exec-1] INFO  o.a.c.core.ContainerBase.[Tomcat].[localhost].[/] - Initializing Spring DispatcherServlet 'dispatcherServlet'
2026-23-08 23:01:58 [http-nio-8080-exec-1] INFO  org.springframework.web.servlet.DispatcherServlet - Initializing Servlet 'dispatcherServlet'
2026-23-08 23:01:58 [http-nio-8080-exec-1] INFO  org.springframework.web.servlet.DispatcherServlet - Completed initialization in 0 ms
2026-23-08 23:01:58 [http-nio-8080-exec-1] INFO  com.wudd.controller.EmpController - 查询员工列表请求
2026-23-08 23:01:58 [http-nio-8080-exec-1] INFO  com.zaxxer.hikari.HikariDataSource - HikariPool-1 - Starting...
2026-23-08 23:01:59 [http-nio-8080-exec-1] INFO  com.zaxxer.hikari.pool.HikariPool - HikariPool-1 - Added connection com.mysql.cj.jdbc.ConnectionImpl@37a4a629
2026-23-08 23:01:59 [http-nio-8080-exec-1] INFO  com.zaxxer.hikari.HikariDataSource - HikariPool-1 - Start completed.
2026-23-08 23:01:59 [http-nio-8080-exec-1] INFO  com.wudd.aspect.ControllerLogAspect - 总结该次操作 请求调用：com.wudd.controller.EmpController.queryEmpList(searchInfo=SearchInfo(name=, gender=null, job=, begin=null, end=null)) 执行耗时：266ms  |方法返回：Result(code=1, msg=success, data=SearchResult(total=11, empList=[Emp(id=null, name=王吉意, username=wangjiyi, gender=1, avatar=1.jpg, dept=教研部, job=讲师, entryDate=2026-10-08, updateTime=2026-10-08T15:07:47, exprList=[Expr(id=null, company=百度, begin=2021-09-07, end=2022-11-03, job=java开发工程师)]), Emp(id=null, name=王洋洋, username=wangyangyang, gender=1, avatar=2.jpg, dept=就业部, job=业务咨询, entryDate=2026-10-08, updateTime=2026-10-08T15:07:47, exprList=[Expr(id=null, company=字节, begin=2011-09-07, end=2017-11-03, job=游戏策划)]), Emp(id=null, name=孙境静, username=sunjingjin, gender=2, avatar=3.jpg, dept=咨询部, job=活动策划, entryDate=2026-10-08, updateTime=2026-10-08T15:07:47, exprList=[Expr(id=null, company=阿里, begin=2020-09-07, end=2021-11-03, job=云存储工程师)]), Emp(id=null, name=王老吉, username=wanglaoji, gender=1, avatar=4.jpg, dept=教研部, job=教学主管, entryDate=2026-10-08, updateTime=2026-10-08T15:07:47, exprList=[Expr(id=null, company=高德, begin=2011-09-07, end=2022-01-03, job=测试工程师)]), Emp(id=null, name=王老吉, username=wanglaoji, gender=1, avatar=4.jpg, dept=教研部, job=教学主管, entryDate=2026-10-08, updateTime=2026-10-08T15:07:47, exprList=[Expr(id=null, company=腾讯, begin=2021-09-27, end=2022-12-03, job=王者荣耀活动策划)]), Emp(id=null, name=意林天, username=yilingtian, gender=1, avatar=5.jpg, dept=教研部, job=心里咨询师, entryDate=2026-10-08, updateTime=2026-10-08T15:07:47, exprList=[Expr(id=null, company=淘宝, begin=2015-09-07, end=2022-11-03, job=货源审核师)]), Emp(id=null, name=刘雅雯, username=niuyawen, gender=2, avatar=6.jpg, dept=咨询部, job=喵喵配音师, entryDate=2026-10-08, updateTime=2026-10-08T15:07:47, exprList=[Expr(id=null, company=拼多多, begin=2017-09-07, end=2022-11-03, job=活动策划)]), Emp(id=null, name=盘王浩, username=pangwanghao, gender=1, avatar=7.jpg, dept=无忧部, job=时间管理师, entryDate=2026-10-08, updateTime=2026-10-08T15:07:47, exprList=[Expr(id=null, company=咸鱼, begin=2019-09-07, end=2022-11-03, job=客服)]), Emp(id=null, name=赖兵则, username=laibingze, gender=1, avatar=8.jpg, dept=无忧部, job=时间管理师, entryDate=2026-10-08, updateTime=2026-10-08T15:07:47, exprList=[Expr(id=null, company=微软, begin=2018-09-07, end=2022-11-03, job=软件开发工程师)]), Emp(id=null, name=苏柯累, username=sukelei, gender=1, avatar=9.jpg, dept=喵喵部, job=喵喵技术美术, entryDate=2026-10-08, updateTime=2026-10-08T15:07:47, exprList=[Expr(id=null, company=雀巢, begin=2025-09-07, end=2026-08-03, job=技术美术)]), Emp(id=null, name=苏柯累, username=sukelei, gender=1, avatar=9.jpg, dept=喵喵部, job=喵喵技术美术, entryDate=2026-10-08, updateTime=2026-10-08T15:07:47, exprList=[Expr(id=null, company=影视飓风, begin=2024-09-07, end=2025-11-03, job=视频剪辑师)]), Emp(id=null, name=岚风, username=lanfeng, gender=1, avatar=10.jpg, dept=教研部, job=喵喵配音师, entryDate=2026-10-08, updateTime=2026-10-08T15:07:47, exprList=[]), Emp(id=null, name=喵喵, username=miaomiao, gender=2, avatar=11.jpg, dept=null, job=null, entryDate=2026-10-08, updateTime=2026-10-08T16:27:57, exprList=[])]))
2026-23-08 23:03:43 [http-nio-8080-exec-4] INFO  com.wudd.controller.EmpController - 查询员工列表请求
2026-23-08 23:03:43 [http-nio-8080-exec-4] INFO  com.wudd.aspect.ControllerLogAspect - 总结该次操作 请求调用：com.wudd.controller.EmpController.queryEmpList(searchInfo=SearchInfo(name=, gender=null, job=, begin=null, end=null)) 执行耗时：11ms  |方法返回：Result(code=1, msg=success, data=SearchResult(total=11, empList=[Emp(id=null, name=王吉意, username=wangjiyi, gender=1, avatar=1.jpg, dept=教研部, job=讲师, entryDate=2026-10-08, updateTime=2026-10-08T15:07:47, exprList=[Expr(id=null, company=百度, begin=2021-09-07, end=2022-11-03, job=java开发工程师)]), Emp(id=null, name=王洋洋, username=wangyangyang, gender=1, avatar=2.jpg, dept=就业部, job=业务咨询, entryDate=2026-10-08, updateTime=2026-10-08T15:07:47, exprList=[Expr(id=null, company=字节, begin=2011-09-07, end=2017-11-03, job=游戏策划)]), Emp(id=null, name=孙境静, username=sunjingjin, gender=2, avatar=3.jpg, dept=咨询部, job=活动策划, entryDate=2026-10-08, updateTime=2026-10-08T15:07:47, exprList=[Expr(id=null, company=阿里, begin=2020-09-07, end=2021-11-03, job=云存储工程师)]), Emp(id=null, name=王老吉, username=wanglaoji, gender=1, avatar=4.jpg, dept=教研部, job=教学主管, entryDate=2026-10-08, updateTime=2026-10-08T15:07:47, exprList=[Expr(id=null, company=高德, begin=2011-09-07, end=2022-01-03, job=测试工程师)]), Emp(id=null, name=王老吉, username=wanglaoji, gender=1, avatar=4.jpg, dept=教研部, job=教学主管, entryDate=2026-10-08, updateTime=2026-10-08T15:07:47, exprList=[Expr(id=null, company=腾讯, begin=2021-09-27, end=2022-12-03, job=王者荣耀活动策划)]), Emp(id=null, name=意林天, username=yilingtian, gender=1, avatar=5.jpg, dept=教研部, job=心里咨询师, entryDate=2026-10-08, updateTime=2026-10-08T15:07:47, exprList=[Expr(id=null, company=淘宝, begin=2015-09-07, end=2022-11-03, job=货源审核师)]), Emp(id=null, name=刘雅雯, username=niuyawen, gender=2, avatar=6.jpg, dept=咨询部, job=喵喵配音师, entryDate=2026-10-08, updateTime=2026-10-08T15:07:47, exprList=[Expr(id=null, company=拼多多, begin=2017-09-07, end=2022-11-03, job=活动策划)]), Emp(id=null, name=盘王浩, username=pangwanghao, gender=1, avatar=7.jpg, dept=无忧部, job=时间管理师, entryDate=2026-10-08, updateTime=2026-10-08T15:07:47, exprList=[Expr(id=null, company=咸鱼, begin=2019-09-07, end=2022-11-03, job=客服)]), Emp(id=null, name=赖兵则, username=laibingze, gender=1, avatar=8.jpg, dept=无忧部, job=时间管理师, entryDate=2026-10-08, updateTime=2026-10-08T15:07:47, exprList=[Expr(id=null, company=微软, begin=2018-09-07, end=2022-11-03, job=软件开发工程师)]), Emp(id=null, name=苏柯累, username=sukelei, gender=1, avatar=9.jpg, dept=喵喵部, job=喵喵技术美术, entryDate=2026-10-08, updateTime=2026-10-08T15:07:47, exprList=[Expr(id=null, company=雀巢, begin=2025-09-07, end=2026-08-03, job=技术美术)]), Emp(id=null, name=苏柯累, username=sukelei, gender=1, avatar=9.jpg, dept=喵喵部, job=喵喵技术美术, entryDate=2026-10-08, updateTime=2026-10-08T15:07:47, exprList=[Expr(id=null, company=影视飓风, begin=2024-09-07, end=2025-11-03, job=视频剪辑师)]), Emp(id=null, name=岚风, username=lanfeng, gender=1, avatar=10.jpg, dept=教研部, job=喵喵配音师, entryDate=2026-10-08, updateTime=2026-10-08T15:07:47, exprList=[]), Emp(id=null, name=喵喵, username=miaomiao, gender=2, avatar=11.jpg, dept=null, job=null, entryDate=2026-10-08, updateTime=2026-10-08T16:27:57, exprList=[])]))
2026-23-08 23:04:42 [http-nio-8080-exec-5] INFO  com.wudd.controller.EmpController - 查询员工列表请求
2026-23-08 23:04:42 [http-nio-8080-exec-5] INFO  com.wudd.aspect.ControllerLogAspect - 总结该次操作 请求调用：com.wudd.controller.EmpController.queryEmpList(searchInfo=SearchInfo(name=, gender=null, job=, begin=null, end=null)) 执行耗时：13ms  |方法返回：Result(code=1, msg=success, data=SearchResult(total=11, empList=[Emp(id=null, name=王吉意, username=wangjiyi, gender=1, avatar=1.jpg, dept=教研部, job=讲师, entryDate=2026-10-08, updateTime=2026-10-08T15:07:47, exprList=[Expr(id=null, company=百度, begin=2021-09-07, end=2022-11-03, job=java开发工程师)]), Emp(id=null, name=王洋洋, username=wangyangyang, gender=1, avatar=2.jpg, dept=就业部, job=业务咨询, entryDate=2026-10-08, updateTime=2026-10-08T15:07:47, exprList=[Expr(id=null, company=字节, begin=2011-09-07, end=2017-11-03, job=游戏策划)]), Emp(id=null, name=孙境静, username=sunjingjin, gender=2, avatar=3.jpg, dept=咨询部, job=活动策划, entryDate=2026-10-08, updateTime=2026-10-08T15:07:47, exprList=[Expr(id=null, company=阿里, begin=2020-09-07, end=2021-11-03, job=云存储工程师)]), Emp(id=null, name=王老吉, username=wanglaoji, gender=1, avatar=4.jpg, dept=教研部, job=教学主管, entryDate=2026-10-08, updateTime=2026-10-08T15:07:47, exprList=[Expr(id=null, company=高德, begin=2011-09-07, end=2022-01-03, job=测试工程师)]), Emp(id=null, name=王老吉, username=wanglaoji, gender=1, avatar=4.jpg, dept=教研部, job=教学主管, entryDate=2026-10-08, updateTime=2026-10-08T15:07:47, exprList=[Expr(id=null, company=腾讯, begin=2021-09-27, end=2022-12-03, job=王者荣耀活动策划)]), Emp(id=null, name=意林天, username=yilingtian, gender=1, avatar=5.jpg, dept=教研部, job=心里咨询师, entryDate=2026-10-08, updateTime=2026-10-08T15:07:47, exprList=[Expr(id=null, company=淘宝, begin=2015-09-07, end=2022-11-03, job=货源审核师)]), Emp(id=null, name=刘雅雯, username=niuyawen, gender=2, avatar=6.jpg, dept=咨询部, job=喵喵配音师, entryDate=2026-10-08, updateTime=2026-10-08T15:07:47, exprList=[Expr(id=null, company=拼多多, begin=2017-09-07, end=2022-11-03, job=活动策划)]), Emp(id=null, name=盘王浩, username=pangwanghao, gender=1, avatar=7.jpg, dept=无忧部, job=时间管理师, entryDate=2026-10-08, updateTime=2026-10-08T15:07:47, exprList=[Expr(id=null, company=咸鱼, begin=2019-09-07, end=2022-11-03, job=客服)]), Emp(id=null, name=赖兵则, username=laibingze, gender=1, avatar=8.jpg, dept=无忧部, job=时间管理师, entryDate=2026-10-08, updateTime=2026-10-08T15:07:47, exprList=[Expr(id=null, company=微软, begin=2018-09-07, end=2022-11-03, job=软件开发工程师)]), Emp(id=null, name=苏柯累, username=sukelei, gender=1, avatar=9.jpg, dept=喵喵部, job=喵喵技术美术, entryDate=2026-10-08, updateTime=2026-10-08T15:07:47, exprList=[Expr(id=null, company=雀巢, begin=2025-09-07, end=2026-08-03, job=技术美术)]), Emp(id=null, name=苏柯累, username=sukelei, gender=1, avatar=9.jpg, dept=喵喵部, job=喵喵技术美术, entryDate=2026-10-08, updateTime=2026-10-08T15:07:47, exprList=[Expr(id=null, company=影视飓风, begin=2024-09-07, end=2025-11-03, job=视频剪辑师)]), Emp(id=null, name=岚风, username=lanfeng, gender=1, avatar=10.jpg, dept=教研部, job=喵喵配音师, entryDate=2026-10-08, updateTime=2026-10-08T15:07:47, exprList=[]), Emp(id=null, name=喵喵, username=miaomiao, gender=2, avatar=11.jpg, dept=null, job=null, entryDate=2026-10-08, updateTime=2026-10-08T16:27:57, exprList=[])]))
2026-23-08 23:04:49 [http-nio-8080-exec-10] INFO  com.wudd.controller.EmpController - 查询员工列表请求
2026-23-08 23:04:49 [http-nio-8080-exec-10] INFO  com.wudd.aspect.ControllerLogAspect - 总结该次操作 请求调用：com.wudd.controller.EmpController.queryEmpList(searchInfo=SearchInfo(name=, gender=null, job=, begin=null, end=null)) 执行耗时：11ms  |方法返回：Result(code=1, msg=success, data=SearchResult(total=11, empList=[Emp(id=null, name=王吉意, username=wangjiyi, gender=1, avatar=1.jpg, dept=教研部, job=讲师, entryDate=2026-10-08, updateTime=2026-10-08T15:07:47, exprList=[Expr(id=null, company=百度, begin=2021-09-07, end=2022-11-03, job=java开发工程师)]), Emp(id=null, name=王洋洋, username=wangyangyang, gender=1, avatar=2.jpg, dept=就业部, job=业务咨询, entryDate=2026-10-08, updateTime=2026-10-08T15:07:47, exprList=[Expr(id=null, company=字节, begin=2011-09-07, end=2017-11-03, job=游戏策划)]), Emp(id=null, name=孙境静, username=sunjingjin, gender=2, avatar=3.jpg, dept=咨询部, job=活动策划, entryDate=2026-10-08, updateTime=2026-10-08T15:07:47, exprList=[Expr(id=null, company=阿里, begin=2020-09-07, end=2021-11-03, job=云存储工程师)]), Emp(id=null, name=王老吉, username=wanglaoji, gender=1, avatar=4.jpg, dept=教研部, job=教学主管, entryDate=2026-10-08, updateTime=2026-10-08T15:07:47, exprList=[Expr(id=null, company=高德, begin=2011-09-07, end=2022-01-03, job=测试工程师)]), Emp(id=null, name=王老吉, username=wanglaoji, gender=1, avatar=4.jpg, dept=教研部, job=教学主管, entryDate=2026-10-08, updateTime=2026-10-08T15:07:47, exprList=[Expr(id=null, company=腾讯, begin=2021-09-27, end=2022-12-03, job=王者荣耀活动策划)]), Emp(id=null, name=意林天, username=yilingtian, gender=1, avatar=5.jpg, dept=教研部, job=心里咨询师, entryDate=2026-10-08, updateTime=2026-10-08T15:07:47, exprList=[Expr(id=null, company=淘宝, begin=2015-09-07, end=2022-11-03, job=货源审核师)]), Emp(id=null, name=刘雅雯, username=niuyawen, gender=2, avatar=6.jpg, dept=咨询部, job=喵喵配音师, entryDate=2026-10-08, updateTime=2026-10-08T15:07:47, exprList=[Expr(id=null, company=拼多多, begin=2017-09-07, end=2022-11-03, job=活动策划)]), Emp(id=null, name=盘王浩, username=pangwanghao, gender=1, avatar=7.jpg, dept=无忧部, job=时间管理师, entryDate=2026-10-08, updateTime=2026-10-08T15:07:47, exprList=[Expr(id=null, company=咸鱼, begin=2019-09-07, end=2022-11-03, job=客服)]), Emp(id=null, name=赖兵则, username=laibingze, gender=1, avatar=8.jpg, dept=无忧部, job=时间管理师, entryDate=2026-10-08, updateTime=2026-10-08T15:07:47, exprList=[Expr(id=null, company=微软, begin=2018-09-07, end=2022-11-03, job=软件开发工程师)]), Emp(id=null, name=苏柯累, username=sukelei, gender=1, avatar=9.jpg, dept=喵喵部, job=喵喵技术美术, entryDate=2026-10-08, updateTime=2026-10-08T15:07:47, exprList=[Expr(id=null, company=雀巢, begin=2025-09-07, end=2026-08-03, job=技术美术)]), Emp(id=null, name=苏柯累, username=sukelei, gender=1, avatar=9.jpg, dept=喵喵部, job=喵喵技术美术, entryDate=2026-10-08, updateTime=2026-10-08T15:07:47, exprList=[Expr(id=null, company=影视飓风, begin=2024-09-07, end=2025-11-03, job=视频剪辑师)]), Emp(id=null, name=岚风, username=lanfeng, gender=1, avatar=10.jpg, dept=教研部, job=喵喵配音师, entryDate=2026-10-08, updateTime=2026-10-08T15:07:47, exprList=[]), Emp(id=null, name=喵喵, username=miaomiao, gender=2, avatar=11.jpg, dept=null, job=null, entryDate=2026-10-08, updateTime=2026-10-08T16:27:57, exprList=[])]))
2026-23-08 23:05:08 [http-nio-8080-exec-7] INFO  com.wudd.controller.EmpController - 查询员工列表请求
2026-23-08 23:05:08 [http-nio-8080-exec-7] INFO  com.wudd.aspect.ControllerLogAspect - 总结该次操作 请求调用：com.wudd.controller.EmpController.queryEmpList(searchInfo=SearchInfo(name=, gender=null, job=, begin=null, end=null)) 执行耗时：9ms  |方法返回：Result(code=1, msg=success, data=SearchResult(total=11, empList=[Emp(id=null, name=王吉意, username=wangjiyi, gender=1, avatar=1.jpg, dept=教研部, job=讲师, entryDate=2026-10-08, updateTime=2026-10-08T15:07:47, exprList=[Expr(id=null, company=百度, begin=2021-09-07, end=2022-11-03, job=java开发工程师)]), Emp(id=null, name=王洋洋, username=wangyangyang, gender=1, avatar=2.jpg, dept=就业部, job=业务咨询, entryDate=2026-10-08, updateTime=2026-10-08T15:07:47, exprList=[Expr(id=null, company=字节, begin=2011-09-07, end=2017-11-03, job=游戏策划)]), Emp(id=null, name=孙境静, username=sunjingjin, gender=2, avatar=3.jpg, dept=咨询部, job=活动策划, entryDate=2026-10-08, updateTime=2026-10-08T15:07:47, exprList=[Expr(id=null, company=阿里, begin=2020-09-07, end=2021-11-03, job=云存储工程师)]), Emp(id=null, name=王老吉, username=wanglaoji, gender=1, avatar=4.jpg, dept=教研部, job=教学主管, entryDate=2026-10-08, updateTime=2026-10-08T15:07:47, exprList=[Expr(id=null, company=高德, begin=2011-09-07, end=2022-01-03, job=测试工程师)]), Emp(id=null, name=王老吉, username=wanglaoji, gender=1, avatar=4.jpg, dept=教研部, job=教学主管, entryDate=2026-10-08, updateTime=2026-10-08T15:07:47, exprList=[Expr(id=null, company=腾讯, begin=2021-09-27, end=2022-12-03, job=王者荣耀活动策划)]), Emp(id=null, name=意林天, username=yilingtian, gender=1, avatar=5.jpg, dept=教研部, job=心里咨询师, entryDate=2026-10-08, updateTime=2026-10-08T15:07:47, exprList=[Expr(id=null, company=淘宝, begin=2015-09-07, end=2022-11-03, job=货源审核师)]), Emp(id=null, name=刘雅雯, username=niuyawen, gender=2, avatar=6.jpg, dept=咨询部, job=喵喵配音师, entryDate=2026-10-08, updateTime=2026-10-08T15:07:47, exprList=[Expr(id=null, company=拼多多, begin=2017-09-07, end=2022-11-03, job=活动策划)]), Emp(id=null, name=盘王浩, username=pangwanghao, gender=1, avatar=7.jpg, dept=无忧部, job=时间管理师, entryDate=2026-10-08, updateTime=2026-10-08T15:07:47, exprList=[Expr(id=null, company=咸鱼, begin=2019-09-07, end=2022-11-03, job=客服)]), Emp(id=null, name=赖兵则, username=laibingze, gender=1, avatar=8.jpg, dept=无忧部, job=时间管理师, entryDate=2026-10-08, updateTime=2026-10-08T15:07:47, exprList=[Expr(id=null, company=微软, begin=2018-09-07, end=2022-11-03, job=软件开发工程师)]), Emp(id=null, name=苏柯累, username=sukelei, gender=1, avatar=9.jpg, dept=喵喵部, job=喵喵技术美术, entryDate=2026-10-08, updateTime=2026-10-08T15:07:47, exprList=[Expr(id=null, company=雀巢, begin=2025-09-07, end=2026-08-03, job=技术美术)]), Emp(id=null, name=苏柯累, username=sukelei, gender=1, avatar=9.jpg, dept=喵喵部, job=喵喵技术美术, entryDate=2026-10-08, updateTime=2026-10-08T15:07:47, exprList=[Expr(id=null, company=影视飓风, begin=2024-09-07, end=2025-11-03, job=视频剪辑师)]), Emp(id=null, name=岚风, username=lanfeng, gender=1, avatar=10.jpg, dept=教研部, job=喵喵配音师, entryDate=2026-10-08, updateTime=2026-10-08T15:07:47, exprList=[]), Emp(id=null, name=喵喵, username=miaomiao, gender=2, avatar=11.jpg, dept=null, job=null, entryDate=2026-10-08, updateTime=2026-10-08T16:27:57, exprList=[])]))
2026-23-08 23:06:08 [http-nio-8080-exec-8] INFO  com.wudd.controller.EmpController - 查询员工列表请求
2026-23-08 23:06:08 [http-nio-8080-exec-8] INFO  com.wudd.aspect.ControllerLogAspect - 总结该次操作 请求调用：com.wudd.controller.EmpController.queryEmpList(searchInfo=SearchInfo(name=, gender=null, job=, begin=null, end=null)) 执行耗时：3ms  |方法返回：Result(code=1, msg=success, data=SearchResult(total=11, empList=[Emp(id=null, name=王吉意, username=wangjiyi, gender=1, avatar=1.jpg, dept=教研部, job=讲师, entryDate=2026-10-08, updateTime=2026-10-08T15:07:47, exprList=[Expr(id=null, company=百度, begin=2021-09-07, end=2022-11-03, job=java开发工程师)]), Emp(id=null, name=王洋洋, username=wangyangyang, gender=1, avatar=2.jpg, dept=就业部, job=业务咨询, entryDate=2026-10-08, updateTime=2026-10-08T15:07:47, exprList=[Expr(id=null, company=字节, begin=2011-09-07, end=2017-11-03, job=游戏策划)]), Emp(id=null, name=孙境静, username=sunjingjin, gender=2, avatar=3.jpg, dept=咨询部, job=活动策划, entryDate=2026-10-08, updateTime=2026-10-08T15:07:47, exprList=[Expr(id=null, company=阿里, begin=2020-09-07, end=2021-11-03, job=云存储工程师)]), Emp(id=null, name=王老吉, username=wanglaoji, gender=1, avatar=4.jpg, dept=教研部, job=教学主管, entryDate=2026-10-08, updateTime=2026-10-08T15:07:47, exprList=[Expr(id=null, company=高德, begin=2011-09-07, end=2022-01-03, job=测试工程师)]), Emp(id=null, name=王老吉, username=wanglaoji, gender=1, avatar=4.jpg, dept=教研部, job=教学主管, entryDate=2026-10-08, updateTime=2026-10-08T15:07:47, exprList=[Expr(id=null, company=腾讯, begin=2021-09-27, end=2022-12-03, job=王者荣耀活动策划)]), Emp(id=null, name=意林天, username=yilingtian, gender=1, avatar=5.jpg, dept=教研部, job=心里咨询师, entryDate=2026-10-08, updateTime=2026-10-08T15:07:47, exprList=[Expr(id=null, company=淘宝, begin=2015-09-07, end=2022-11-03, job=货源审核师)]), Emp(id=null, name=刘雅雯, username=niuyawen, gender=2, avatar=6.jpg, dept=咨询部, job=喵喵配音师, entryDate=2026-10-08, updateTime=2026-10-08T15:07:47, exprList=[Expr(id=null, company=拼多多, begin=2017-09-07, end=2022-11-03, job=活动策划)]), Emp(id=null, name=盘王浩, username=pangwanghao, gender=1, avatar=7.jpg, dept=无忧部, job=时间管理师, entryDate=2026-10-08, updateTime=2026-10-08T15:07:47, exprList=[Expr(id=null, company=咸鱼, begin=2019-09-07, end=2022-11-03, job=客服)]), Emp(id=null, name=赖兵则, username=laibingze, gender=1, avatar=8.jpg, dept=无忧部, job=时间管理师, entryDate=2026-10-08, updateTime=2026-10-08T15:07:47, exprList=[Expr(id=null, company=微软, begin=2018-09-07, end=2022-11-03, job=软件开发工程师)]), Emp(id=null, name=苏柯累, username=sukelei, gender=1, avatar=9.jpg, dept=喵喵部, job=喵喵技术美术, entryDate=2026-10-08, updateTime=2026-10-08T15:07:47, exprList=[Expr(id=null, company=雀巢, begin=2025-09-07, end=2026-08-03, job=技术美术)]), Emp(id=null, name=苏柯累, username=sukelei, gender=1, avatar=9.jpg, dept=喵喵部, job=喵喵技术美术, entryDate=2026-10-08, updateTime=2026-10-08T15:07:47, exprList=[Expr(id=null, company=影视飓风, begin=2024-09-07, end=2025-11-03, job=视频剪辑师)]), Emp(id=null, name=岚风, username=lanfeng, gender=1, avatar=10.jpg, dept=教研部, job=喵喵配音师, entryDate=2026-10-08, updateTime=2026-10-08T15:07:47, exprList=[]), Emp(id=null, name=喵喵, username=miaomiao, gender=2, avatar=11.jpg, dept=null, job=null, entryDate=2026-10-08, updateTime=2026-10-08T16:27:57, exprList=[])]))
2026-23-08 23:06:13 [http-nio-8080-exec-9] INFO  com.wudd.controller.EmpController - 查询员工列表请求
2026-23-08 23:06:13 [http-nio-8080-exec-9] INFO  com.wudd.aspect.ControllerLogAspect - 总结该次操作 请求调用：com.wudd.controller.EmpController.queryEmpList(searchInfo=SearchInfo(name=, gender=null, job=, begin=null, end=null)) 执行耗时：5ms  |方法返回：Result(code=1, msg=success, data=SearchResult(total=11, empList=[Emp(id=null, name=王吉意, username=wangjiyi, gender=1, avatar=1.jpg, dept=教研部, job=讲师, entryDate=2026-10-08, updateTime=2026-10-08T15:07:47, exprList=[Expr(id=null, company=百度, begin=2021-09-07, end=2022-11-03, job=java开发工程师)]), Emp(id=null, name=王洋洋, username=wangyangyang, gender=1, avatar=2.jpg, dept=就业部, job=业务咨询, entryDate=2026-10-08, updateTime=2026-10-08T15:07:47, exprList=[Expr(id=null, company=字节, begin=2011-09-07, end=2017-11-03, job=游戏策划)]), Emp(id=null, name=孙境静, username=sunjingjin, gender=2, avatar=3.jpg, dept=咨询部, job=活动策划, entryDate=2026-10-08, updateTime=2026-10-08T15:07:47, exprList=[Expr(id=null, company=阿里, begin=2020-09-07, end=2021-11-03, job=云存储工程师)]), Emp(id=null, name=王老吉, username=wanglaoji, gender=1, avatar=4.jpg, dept=教研部, job=教学主管, entryDate=2026-10-08, updateTime=2026-10-08T15:07:47, exprList=[Expr(id=null, company=高德, begin=2011-09-07, end=2022-01-03, job=测试工程师)]), Emp(id=null, name=王老吉, username=wanglaoji, gender=1, avatar=4.jpg, dept=教研部, job=教学主管, entryDate=2026-10-08, updateTime=2026-10-08T15:07:47, exprList=[Expr(id=null, company=腾讯, begin=2021-09-27, end=2022-12-03, job=王者荣耀活动策划)]), Emp(id=null, name=意林天, username=yilingtian, gender=1, avatar=5.jpg, dept=教研部, job=心里咨询师, entryDate=2026-10-08, updateTime=2026-10-08T15:07:47, exprList=[Expr(id=null, company=淘宝, begin=2015-09-07, end=2022-11-03, job=货源审核师)]), Emp(id=null, name=刘雅雯, username=niuyawen, gender=2, avatar=6.jpg, dept=咨询部, job=喵喵配音师, entryDate=2026-10-08, updateTime=2026-10-08T15:07:47, exprList=[Expr(id=null, company=拼多多, begin=2017-09-07, end=2022-11-03, job=活动策划)]), Emp(id=null, name=盘王浩, username=pangwanghao, gender=1, avatar=7.jpg, dept=无忧部, job=时间管理师, entryDate=2026-10-08, updateTime=2026-10-08T15:07:47, exprList=[Expr(id=null, company=咸鱼, begin=2019-09-07, end=2022-11-03, job=客服)]), Emp(id=null, name=赖兵则, username=laibingze, gender=1, avatar=8.jpg, dept=无忧部, job=时间管理师, entryDate=2026-10-08, updateTime=2026-10-08T15:07:47, exprList=[Expr(id=null, company=微软, begin=2018-09-07, end=2022-11-03, job=软件开发工程师)]), Emp(id=null, name=苏柯累, username=sukelei, gender=1, avatar=9.jpg, dept=喵喵部, job=喵喵技术美术, entryDate=2026-10-08, updateTime=2026-10-08T15:07:47, exprList=[Expr(id=null, company=雀巢, begin=2025-09-07, end=2026-08-03, job=技术美术)]), Emp(id=null, name=苏柯累, username=sukelei, gender=1, avatar=9.jpg, dept=喵喵部, job=喵喵技术美术, entryDate=2026-10-08, updateTime=2026-10-08T15:07:47, exprList=[Expr(id=null, company=影视飓风, begin=2024-09-07, end=2025-11-03, job=视频剪辑师)]), Emp(id=null, name=岚风, username=lanfeng, gender=1, avatar=10.jpg, dept=教研部, job=喵喵配音师, entryDate=2026-10-08, updateTime=2026-10-08T15:07:47, exprList=[]), Emp(id=null, name=喵喵, username=miaomiao, gender=2, avatar=11.jpg, dept=null, job=null, entryDate=2026-10-08, updateTime=2026-10-08T16:27:57, exprList=[])]))
2026-23-08 23:06:19 [http-nio-8080-exec-6] INFO  com.wudd.controller.EmpController - 查询员工列表请求
2026-23-08 23:06:19 [http-nio-8080-exec-6] INFO  com.wudd.aspect.ControllerLogAspect - 总结该次操作 请求调用：com.wudd.controller.EmpController.queryEmpList(searchInfo=SearchInfo(name=, gender=null, job=, begin=null, end=null)) 执行耗时：8ms  |方法返回：Result(code=1, msg=success, data=SearchResult(total=11, empList=[Emp(id=null, name=王吉意, username=wangjiyi, gender=1, avatar=1.jpg, dept=教研部, job=讲师, entryDate=2026-10-08, updateTime=2026-10-08T15:07:47, exprList=[Expr(id=null, company=百度, begin=2021-09-07, end=2022-11-03, job=java开发工程师)]), Emp(id=null, name=王洋洋, username=wangyangyang, gender=1, avatar=2.jpg, dept=就业部, job=业务咨询, entryDate=2026-10-08, updateTime=2026-10-08T15:07:47, exprList=[Expr(id=null, company=字节, begin=2011-09-07, end=2017-11-03, job=游戏策划)]), Emp(id=null, name=孙境静, username=sunjingjin, gender=2, avatar=3.jpg, dept=咨询部, job=活动策划, entryDate=2026-10-08, updateTime=2026-10-08T15:07:47, exprList=[Expr(id=null, company=阿里, begin=2020-09-07, end=2021-11-03, job=云存储工程师)]), Emp(id=null, name=王老吉, username=wanglaoji, gender=1, avatar=4.jpg, dept=教研部, job=教学主管, entryDate=2026-10-08, updateTime=2026-10-08T15:07:47, exprList=[Expr(id=null, company=高德, begin=2011-09-07, end=2022-01-03, job=测试工程师)]), Emp(id=null, name=王老吉, username=wanglaoji, gender=1, avatar=4.jpg, dept=教研部, job=教学主管, entryDate=2026-10-08, updateTime=2026-10-08T15:07:47, exprList=[Expr(id=null, company=腾讯, begin=2021-09-27, end=2022-12-03, job=王者荣耀活动策划)]), Emp(id=null, name=意林天, username=yilingtian, gender=1, avatar=5.jpg, dept=教研部, job=心里咨询师, entryDate=2026-10-08, updateTime=2026-10-08T15:07:47, exprList=[Expr(id=null, company=淘宝, begin=2015-09-07, end=2022-11-03, job=货源审核师)]), Emp(id=null, name=刘雅雯, username=niuyawen, gender=2, avatar=6.jpg, dept=咨询部, job=喵喵配音师, entryDate=2026-10-08, updateTime=2026-10-08T15:07:47, exprList=[Expr(id=null, company=拼多多, begin=2017-09-07, end=2022-11-03, job=活动策划)]), Emp(id=null, name=盘王浩, username=pangwanghao, gender=1, avatar=7.jpg, dept=无忧部, job=时间管理师, entryDate=2026-10-08, updateTime=2026-10-08T15:07:47, exprList=[Expr(id=null, company=咸鱼, begin=2019-09-07, end=2022-11-03, job=客服)]), Emp(id=null, name=赖兵则, username=laibingze, gender=1, avatar=8.jpg, dept=无忧部, job=时间管理师, entryDate=2026-10-08, updateTime=2026-10-08T15:07:47, exprList=[Expr(id=null, company=微软, begin=2018-09-07, end=2022-11-03, job=软件开发工程师)]), Emp(id=null, name=苏柯累, username=sukelei, gender=1, avatar=9.jpg, dept=喵喵部, job=喵喵技术美术, entryDate=2026-10-08, updateTime=2026-10-08T15:07:47, exprList=[Expr(id=null, company=雀巢, begin=2025-09-07, end=2026-08-03, job=技术美术)]), Emp(id=null, name=苏柯累, username=sukelei, gender=1, avatar=9.jpg, dept=喵喵部, job=喵喵技术美术, entryDate=2026-10-08, updateTime=2026-10-08T15:07:47, exprList=[Expr(id=null, company=影视飓风, begin=2024-09-07, end=2025-11-03, job=视频剪辑师)]), Emp(id=null, name=岚风, username=lanfeng, gender=1, avatar=10.jpg, dept=教研部, job=喵喵配音师, entryDate=2026-10-08, updateTime=2026-10-08T15:07:47, exprList=[]), Emp(id=null, name=喵喵, username=miaomiao, gender=2, avatar=11.jpg, dept=null, job=null, entryDate=2026-10-08, updateTime=2026-10-08T16:27:57, exprList=[])]))
2026-23-08 23:06:21 [http-nio-8080-exec-1] INFO  com.wudd.controller.EmpController - 查询员工列表请求
2026-23-08 23:06:21 [http-nio-8080-exec-1] INFO  com.wudd.aspect.ControllerLogAspect - 总结该次操作 请求调用：com.wudd.controller.EmpController.queryEmpList(searchInfo=SearchInfo(name=, gender=null, job=, begin=null, end=null)) 执行耗时：6ms  |方法返回：Result(code=1, msg=success, data=SearchResult(total=11, empList=[Emp(id=null, name=王吉意, username=wangjiyi, gender=1, avatar=1.jpg, dept=教研部, job=讲师, entryDate=2026-10-08, updateTime=2026-10-08T15:07:47, exprList=[Expr(id=null, company=百度, begin=2021-09-07, end=2022-11-03, job=java开发工程师)]), Emp(id=null, name=王洋洋, username=wangyangyang, gender=1, avatar=2.jpg, dept=就业部, job=业务咨询, entryDate=2026-10-08, updateTime=2026-10-08T15:07:47, exprList=[Expr(id=null, company=字节, begin=2011-09-07, end=2017-11-03, job=游戏策划)]), Emp(id=null, name=孙境静, username=sunjingjin, gender=2, avatar=3.jpg, dept=咨询部, job=活动策划, entryDate=2026-10-08, updateTime=2026-10-08T15:07:47, exprList=[Expr(id=null, company=阿里, begin=2020-09-07, end=2021-11-03, job=云存储工程师)]), Emp(id=null, name=王老吉, username=wanglaoji, gender=1, avatar=4.jpg, dept=教研部, job=教学主管, entryDate=2026-10-08, updateTime=2026-10-08T15:07:47, exprList=[Expr(id=null, company=高德, begin=2011-09-07, end=2022-01-03, job=测试工程师)]), Emp(id=null, name=王老吉, username=wanglaoji, gender=1, avatar=4.jpg, dept=教研部, job=教学主管, entryDate=2026-10-08, updateTime=2026-10-08T15:07:47, exprList=[Expr(id=null, company=腾讯, begin=2021-09-27, end=2022-12-03, job=王者荣耀活动策划)]), Emp(id=null, name=意林天, username=yilingtian, gender=1, avatar=5.jpg, dept=教研部, job=心里咨询师, entryDate=2026-10-08, updateTime=2026-10-08T15:07:47, exprList=[Expr(id=null, company=淘宝, begin=2015-09-07, end=2022-11-03, job=货源审核师)]), Emp(id=null, name=刘雅雯, username=niuyawen, gender=2, avatar=6.jpg, dept=咨询部, job=喵喵配音师, entryDate=2026-10-08, updateTime=2026-10-08T15:07:47, exprList=[Expr(id=null, company=拼多多, begin=2017-09-07, end=2022-11-03, job=活动策划)]), Emp(id=null, name=盘王浩, username=pangwanghao, gender=1, avatar=7.jpg, dept=无忧部, job=时间管理师, entryDate=2026-10-08, updateTime=2026-10-08T15:07:47, exprList=[Expr(id=null, company=咸鱼, begin=2019-09-07, end=2022-11-03, job=客服)]), Emp(id=null, name=赖兵则, username=laibingze, gender=1, avatar=8.jpg, dept=无忧部, job=时间管理师, entryDate=2026-10-08, updateTime=2026-10-08T15:07:47, exprList=[Expr(id=null, company=微软, begin=2018-09-07, end=2022-11-03, job=软件开发工程师)]), Emp(id=null, name=苏柯累, username=sukelei, gender=1, avatar=9.jpg, dept=喵喵部, job=喵喵技术美术, entryDate=2026-10-08, updateTime=2026-10-08T15:07:47, exprList=[Expr(id=null, company=雀巢, begin=2025-09-07, end=2026-08-03, job=技术美术)]), Emp(id=null, name=苏柯累, username=sukelei, gender=1, avatar=9.jpg, dept=喵喵部, job=喵喵技术美术, entryDate=2026-10-08, updateTime=2026-10-08T15:07:47, exprList=[Expr(id=null, company=影视飓风, begin=2024-09-07, end=2025-11-03, job=视频剪辑师)]), Emp(id=null, name=岚风, username=lanfeng, gender=1, avatar=10.jpg, dept=教研部, job=喵喵配音师, entryDate=2026-10-08, updateTime=2026-10-08T15:07:47, exprList=[]), Emp(id=null, name=喵喵, username=miaomiao, gender=2, avatar=11.jpg, dept=null, job=null, entryDate=2026-10-08, updateTime=2026-10-08T16:27:57, exprList=[])]))
2026-23-08 23:06:21 [http-nio-8080-exec-2] INFO  com.wudd.controller.EmpController - 查询员工列表请求
2026-23-08 23:06:21 [http-nio-8080-exec-2] INFO  com.wudd.aspect.ControllerLogAspect - 总结该次操作 请求调用：com.wudd.controller.EmpController.queryEmpList(searchInfo=SearchInfo(name=, gender=null, job=, begin=null, end=null)) 执行耗时：11ms  |方法返回：Result(code=1, msg=success, data=SearchResult(total=11, empList=[Emp(id=null, name=王吉意, username=wangjiyi, gender=1, avatar=1.jpg, dept=教研部, job=讲师, entryDate=2026-10-08, updateTime=2026-10-08T15:07:47, exprList=[Expr(id=null, company=百度, begin=2021-09-07, end=2022-11-03, job=java开发工程师)]), Emp(id=null, name=王洋洋, username=wangyangyang, gender=1, avatar=2.jpg, dept=就业部, job=业务咨询, entryDate=2026-10-08, updateTime=2026-10-08T15:07:47, exprList=[Expr(id=null, company=字节, begin=2011-09-07, end=2017-11-03, job=游戏策划)]), Emp(id=null, name=孙境静, username=sunjingjin, gender=2, avatar=3.jpg, dept=咨询部, job=活动策划, entryDate=2026-10-08, updateTime=2026-10-08T15:07:47, exprList=[Expr(id=null, company=阿里, begin=2020-09-07, end=2021-11-03, job=云存储工程师)]), Emp(id=null, name=王老吉, username=wanglaoji, gender=1, avatar=4.jpg, dept=教研部, job=教学主管, entryDate=2026-10-08, updateTime=2026-10-08T15:07:47, exprList=[Expr(id=null, company=高德, begin=2011-09-07, end=2022-01-03, job=测试工程师)]), Emp(id=null, name=王老吉, username=wanglaoji, gender=1, avatar=4.jpg, dept=教研部, job=教学主管, entryDate=2026-10-08, updateTime=2026-10-08T15:07:47, exprList=[Expr(id=null, company=腾讯, begin=2021-09-27, end=2022-12-03, job=王者荣耀活动策划)]), Emp(id=null, name=意林天, username=yilingtian, gender=1, avatar=5.jpg, dept=教研部, job=心里咨询师, entryDate=2026-10-08, updateTime=2026-10-08T15:07:47, exprList=[Expr(id=null, company=淘宝, begin=2015-09-07, end=2022-11-03, job=货源审核师)]), Emp(id=null, name=刘雅雯, username=niuyawen, gender=2, avatar=6.jpg, dept=咨询部, job=喵喵配音师, entryDate=2026-10-08, updateTime=2026-10-08T15:07:47, exprList=[Expr(id=null, company=拼多多, begin=2017-09-07, end=2022-11-03, job=活动策划)]), Emp(id=null, name=盘王浩, username=pangwanghao, gender=1, avatar=7.jpg, dept=无忧部, job=时间管理师, entryDate=2026-10-08, updateTime=2026-10-08T15:07:47, exprList=[Expr(id=null, company=咸鱼, begin=2019-09-07, end=2022-11-03, job=客服)]), Emp(id=null, name=赖兵则, username=laibingze, gender=1, avatar=8.jpg, dept=无忧部, job=时间管理师, entryDate=2026-10-08, updateTime=2026-10-08T15:07:47, exprList=[Expr(id=null, company=微软, begin=2018-09-07, end=2022-11-03, job=软件开发工程师)]), Emp(id=null, name=苏柯累, username=sukelei, gender=1, avatar=9.jpg, dept=喵喵部, job=喵喵技术美术, entryDate=2026-10-08, updateTime=2026-10-08T15:07:47, exprList=[Expr(id=null, company=雀巢, begin=2025-09-07, end=2026-08-03, job=技术美术)]), Emp(id=null, name=苏柯累, username=sukelei, gender=1, avatar=9.jpg, dept=喵喵部, job=喵喵技术美术, entryDate=2026-10-08, updateTime=2026-10-08T15:07:47, exprList=[Expr(id=null, company=影视飓风, begin=2024-09-07, end=2025-11-03, job=视频剪辑师)]), Emp(id=null, name=岚风, username=lanfeng, gender=1, avatar=10.jpg, dept=教研部, job=喵喵配音师, entryDate=2026-10-08, updateTime=2026-10-08T15:07:47, exprList=[]), Emp(id=null, name=喵喵, username=miaomiao, gender=2, avatar=11.jpg, dept=null, job=null, entryDate=2026-10-08, updateTime=2026-10-08T16:27:57, exprList=[])]))
2026-23-08 23:06:21 [http-nio-8080-exec-4] INFO  com.wudd.controller.EmpController - 查询员工列表请求
2026-23-08 23:06:21 [http-nio-8080-exec-4] INFO  com.wudd.aspect.ControllerLogAspect - 总结该次操作 请求调用：com.wudd.controller.EmpController.queryEmpList(searchInfo=SearchInfo(name=, gender=null, job=, begin=null, end=null)) 执行耗时：5ms  |方法返回：Result(code=1, msg=success, data=SearchResult(total=11, empList=[Emp(id=null, name=王吉意, username=wangjiyi, gender=1, avatar=1.jpg, dept=教研部, job=讲师, entryDate=2026-10-08, updateTime=2026-10-08T15:07:47, exprList=[Expr(id=null, company=百度, begin=2021-09-07, end=2022-11-03, job=java开发工程师)]), Emp(id=null, name=王洋洋, username=wangyangyang, gender=1, avatar=2.jpg, dept=就业部, job=业务咨询, entryDate=2026-10-08, updateTime=2026-10-08T15:07:47, exprList=[Expr(id=null, company=字节, begin=2011-09-07, end=2017-11-03, job=游戏策划)]), Emp(id=null, name=孙境静, username=sunjingjin, gender=2, avatar=3.jpg, dept=咨询部, job=活动策划, entryDate=2026-10-08, updateTime=2026-10-08T15:07:47, exprList=[Expr(id=null, company=阿里, begin=2020-09-07, end=2021-11-03, job=云存储工程师)]), Emp(id=null, name=王老吉, username=wanglaoji, gender=1, avatar=4.jpg, dept=教研部, job=教学主管, entryDate=2026-10-08, updateTime=2026-10-08T15:07:47, exprList=[Expr(id=null, company=高德, begin=2011-09-07, end=2022-01-03, job=测试工程师)]), Emp(id=null, name=王老吉, username=wanglaoji, gender=1, avatar=4.jpg, dept=教研部, job=教学主管, entryDate=2026-10-08, updateTime=2026-10-08T15:07:47, exprList=[Expr(id=null, company=腾讯, begin=2021-09-27, end=2022-12-03, job=王者荣耀活动策划)]), Emp(id=null, name=意林天, username=yilingtian, gender=1, avatar=5.jpg, dept=教研部, job=心里咨询师, entryDate=2026-10-08, updateTime=2026-10-08T15:07:47, exprList=[Expr(id=null, company=淘宝, begin=2015-09-07, end=2022-11-03, job=货源审核师)]), Emp(id=null, name=刘雅雯, username=niuyawen, gender=2, avatar=6.jpg, dept=咨询部, job=喵喵配音师, entryDate=2026-10-08, updateTime=2026-10-08T15:07:47, exprList=[Expr(id=null, company=拼多多, begin=2017-09-07, end=2022-11-03, job=活动策划)]), Emp(id=null, name=盘王浩, username=pangwanghao, gender=1, avatar=7.jpg, dept=无忧部, job=时间管理师, entryDate=2026-10-08, updateTime=2026-10-08T15:07:47, exprList=[Expr(id=null, company=咸鱼, begin=2019-09-07, end=2022-11-03, job=客服)]), Emp(id=null, name=赖兵则, username=laibingze, gender=1, avatar=8.jpg, dept=无忧部, job=时间管理师, entryDate=2026-10-08, updateTime=2026-10-08T15:07:47, exprList=[Expr(id=null, company=微软, begin=2018-09-07, end=2022-11-03, job=软件开发工程师)]), Emp(id=null, name=苏柯累, username=sukelei, gender=1, avatar=9.jpg, dept=喵喵部, job=喵喵技术美术, entryDate=2026-10-08, updateTime=2026-10-08T15:07:47, exprList=[Expr(id=null, company=雀巢, begin=2025-09-07, end=2026-08-03, job=技术美术)]), Emp(id=null, name=苏柯累, username=sukelei, gender=1, avatar=9.jpg, dept=喵喵部, job=喵喵技术美术, entryDate=2026-10-08, updateTime=2026-10-08T15:07:47, exprList=[Expr(id=null, company=影视飓风, begin=2024-09-07, end=2025-11-03, job=视频剪辑师)]), Emp(id=null, name=岚风, username=lanfeng, gender=1, avatar=10.jpg, dept=教研部, job=喵喵配音师, entryDate=2026-10-08, updateTime=2026-10-08T15:07:47, exprList=[]), Emp(id=null, name=喵喵, username=miaomiao, gender=2, avatar=11.jpg, dept=null, job=null, entryDate=2026-10-08, updateTime=2026-10-08T16:27:57, exprList=[])]))
2026-23-08 23:06:22 [http-nio-8080-exec-5] INFO  com.wudd.controller.EmpController - 查询员工列表请求
2026-23-08 23:06:22 [http-nio-8080-exec-5] INFO  com.wudd.aspect.ControllerLogAspect - 总结该次操作 请求调用：com.wudd.controller.EmpController.queryEmpList(searchInfo=SearchInfo(name=, gender=null, job=, begin=null, end=null)) 执行耗时：5ms  |方法返回：Result(code=1, msg=success, data=SearchResult(total=11, empList=[Emp(id=null, name=王吉意, username=wangjiyi, gender=1, avatar=1.jpg, dept=教研部, job=讲师, entryDate=2026-10-08, updateTime=2026-10-08T15:07:47, exprList=[Expr(id=null, company=百度, begin=2021-09-07, end=2022-11-03, job=java开发工程师)]), Emp(id=null, name=王洋洋, username=wangyangyang, gender=1, avatar=2.jpg, dept=就业部, job=业务咨询, entryDate=2026-10-08, updateTime=2026-10-08T15:07:47, exprList=[Expr(id=null, company=字节, begin=2011-09-07, end=2017-11-03, job=游戏策划)]), Emp(id=null, name=孙境静, username=sunjingjin, gender=2, avatar=3.jpg, dept=咨询部, job=活动策划, entryDate=2026-10-08, updateTime=2026-10-08T15:07:47, exprList=[Expr(id=null, company=阿里, begin=2020-09-07, end=2021-11-03, job=云存储工程师)]), Emp(id=null, name=王老吉, username=wanglaoji, gender=1, avatar=4.jpg, dept=教研部, job=教学主管, entryDate=2026-10-08, updateTime=2026-10-08T15:07:47, exprList=[Expr(id=null, company=高德, begin=2011-09-07, end=2022-01-03, job=测试工程师)]), Emp(id=null, name=王老吉, username=wanglaoji, gender=1, avatar=4.jpg, dept=教研部, job=教学主管, entryDate=2026-10-08, updateTime=2026-10-08T15:07:47, exprList=[Expr(id=null, company=腾讯, begin=2021-09-27, end=2022-12-03, job=王者荣耀活动策划)]), Emp(id=null, name=意林天, username=yilingtian, gender=1, avatar=5.jpg, dept=教研部, job=心里咨询师, entryDate=2026-10-08, updateTime=2026-10-08T15:07:47, exprList=[Expr(id=null, company=淘宝, begin=2015-09-07, end=2022-11-03, job=货源审核师)]), Emp(id=null, name=刘雅雯, username=niuyawen, gender=2, avatar=6.jpg, dept=咨询部, job=喵喵配音师, entryDate=2026-10-08, updateTime=2026-10-08T15:07:47, exprList=[Expr(id=null, company=拼多多, begin=2017-09-07, end=2022-11-03, job=活动策划)]), Emp(id=null, name=盘王浩, username=pangwanghao, gender=1, avatar=7.jpg, dept=无忧部, job=时间管理师, entryDate=2026-10-08, updateTime=2026-10-08T15:07:47, exprList=[Expr(id=null, company=咸鱼, begin=2019-09-07, end=2022-11-03, job=客服)]), Emp(id=null, name=赖兵则, username=laibingze, gender=1, avatar=8.jpg, dept=无忧部, job=时间管理师, entryDate=2026-10-08, updateTime=2026-10-08T15:07:47, exprList=[Expr(id=null, company=微软, begin=2018-09-07, end=2022-11-03, job=软件开发工程师)]), Emp(id=null, name=苏柯累, username=sukelei, gender=1, avatar=9.jpg, dept=喵喵部, job=喵喵技术美术, entryDate=2026-10-08, updateTime=2026-10-08T15:07:47, exprList=[Expr(id=null, company=雀巢, begin=2025-09-07, end=2026-08-03, job=技术美术)]), Emp(id=null, name=苏柯累, username=sukelei, gender=1, avatar=9.jpg, dept=喵喵部, job=喵喵技术美术, entryDate=2026-10-08, updateTime=2026-10-08T15:07:47, exprList=[Expr(id=null, company=影视飓风, begin=2024-09-07, end=2025-11-03, job=视频剪辑师)]), Emp(id=null, name=岚风, username=lanfeng, gender=1, avatar=10.jpg, dept=教研部, job=喵喵配音师, entryDate=2026-10-08, updateTime=2026-10-08T15:07:47, exprList=[]), Emp(id=null, name=喵喵, username=miaomiao, gender=2, avatar=11.jpg, dept=null, job=null, entryDate=2026-10-08, updateTime=2026-10-08T16:27:57, exprList=[])]))
2026-23-08 23:06:24 [http-nio-8080-exec-3] INFO  com.wudd.controller.EmpController - 查询员工列表请求
2026-23-08 23:06:24 [http-nio-8080-exec-3] INFO  com.wudd.aspect.ControllerLogAspect - 总结该次操作 请求调用：com.wudd.controller.EmpController.queryEmpList(searchInfo=SearchInfo(name=, gender=null, job=, begin=null, end=null)) 执行耗时：6ms  |方法返回：Result(code=1, msg=success, data=SearchResult(total=11, empList=[Emp(id=null, name=王吉意, username=wangjiyi, gender=1, avatar=1.jpg, dept=教研部, job=讲师, entryDate=2026-10-08, updateTime=2026-10-08T15:07:47, exprList=[Expr(id=null, company=百度, begin=2021-09-07, end=2022-11-03, job=java开发工程师)]), Emp(id=null, name=王洋洋, username=wangyangyang, gender=1, avatar=2.jpg, dept=就业部, job=业务咨询, entryDate=2026-10-08, updateTime=2026-10-08T15:07:47, exprList=[Expr(id=null, company=字节, begin=2011-09-07, end=2017-11-03, job=游戏策划)]), Emp(id=null, name=孙境静, username=sunjingjin, gender=2, avatar=3.jpg, dept=咨询部, job=活动策划, entryDate=2026-10-08, updateTime=2026-10-08T15:07:47, exprList=[Expr(id=null, company=阿里, begin=2020-09-07, end=2021-11-03, job=云存储工程师)]), Emp(id=null, name=王老吉, username=wanglaoji, gender=1, avatar=4.jpg, dept=教研部, job=教学主管, entryDate=2026-10-08, updateTime=2026-10-08T15:07:47, exprList=[Expr(id=null, company=高德, begin=2011-09-07, end=2022-01-03, job=测试工程师)]), Emp(id=null, name=王老吉, username=wanglaoji, gender=1, avatar=4.jpg, dept=教研部, job=教学主管, entryDate=2026-10-08, updateTime=2026-10-08T15:07:47, exprList=[Expr(id=null, company=腾讯, begin=2021-09-27, end=2022-12-03, job=王者荣耀活动策划)]), Emp(id=null, name=意林天, username=yilingtian, gender=1, avatar=5.jpg, dept=教研部, job=心里咨询师, entryDate=2026-10-08, updateTime=2026-10-08T15:07:47, exprList=[Expr(id=null, company=淘宝, begin=2015-09-07, end=2022-11-03, job=货源审核师)]), Emp(id=null, name=刘雅雯, username=niuyawen, gender=2, avatar=6.jpg, dept=咨询部, job=喵喵配音师, entryDate=2026-10-08, updateTime=2026-10-08T15:07:47, exprList=[Expr(id=null, company=拼多多, begin=2017-09-07, end=2022-11-03, job=活动策划)]), Emp(id=null, name=盘王浩, username=pangwanghao, gender=1, avatar=7.jpg, dept=无忧部, job=时间管理师, entryDate=2026-10-08, updateTime=2026-10-08T15:07:47, exprList=[Expr(id=null, company=咸鱼, begin=2019-09-07, end=2022-11-03, job=客服)]), Emp(id=null, name=赖兵则, username=laibingze, gender=1, avatar=8.jpg, dept=无忧部, job=时间管理师, entryDate=2026-10-08, updateTime=2026-10-08T15:07:47, exprList=[Expr(id=null, company=微软, begin=2018-09-07, end=2022-11-03, job=软件开发工程师)]), Emp(id=null, name=苏柯累, username=sukelei, gender=1, avatar=9.jpg, dept=喵喵部, job=喵喵技术美术, entryDate=2026-10-08, updateTime=2026-10-08T15:07:47, exprList=[Expr(id=null, company=雀巢, begin=2025-09-07, end=2026-08-03, job=技术美术)]), Emp(id=null, name=苏柯累, username=sukelei, gender=1, avatar=9.jpg, dept=喵喵部, job=喵喵技术美术, entryDate=2026-10-08, updateTime=2026-10-08T15:07:47, exprList=[Expr(id=null, company=影视飓风, begin=2024-09-07, end=2025-11-03, job=视频剪辑师)]), Emp(id=null, name=岚风, username=lanfeng, gender=1, avatar=10.jpg, dept=教研部, job=喵喵配音师, entryDate=2026-10-08, updateTime=2026-10-08T15:07:47, exprList=[]), Emp(id=null, name=喵喵, username=miaomiao, gender=2, avatar=11.jpg, dept=null, job=null, entryDate=2026-10-08, updateTime=2026-10-08T16:27:57, exprList=[])]))
2026-23-08 23:06:49 [http-nio-8080-exec-10] INFO  com.wudd.controller.EmpController - 查询员工列表请求
2026-23-08 23:06:49 [http-nio-8080-exec-10] INFO  com.wudd.aspect.ControllerLogAspect - 总结该次操作 请求调用：com.wudd.controller.EmpController.queryEmpList(searchInfo=SearchInfo(name=, gender=null, job=, begin=null, end=null)) 执行耗时：5ms  |方法返回：Result(code=1, msg=success, data=SearchResult(total=11, empList=[Emp(id=null, name=王吉意, username=wangjiyi, gender=1, avatar=1.jpg, dept=教研部, job=讲师, entryDate=2026-10-08, updateTime=2026-10-08T15:07:47, exprList=[Expr(id=null, company=百度, begin=2021-09-07, end=2022-11-03, job=java开发工程师)]), Emp(id=null, name=王洋洋, username=wangyangyang, gender=1, avatar=2.jpg, dept=就业部, job=业务咨询, entryDate=2026-10-08, updateTime=2026-10-08T15:07:47, exprList=[Expr(id=null, company=字节, begin=2011-09-07, end=2017-11-03, job=游戏策划)]), Emp(id=null, name=孙境静, username=sunjingjin, gender=2, avatar=3.jpg, dept=咨询部, job=活动策划, entryDate=2026-10-08, updateTime=2026-10-08T15:07:47, exprList=[Expr(id=null, company=阿里, begin=2020-09-07, end=2021-11-03, job=云存储工程师)]), Emp(id=null, name=王老吉, username=wanglaoji, gender=1, avatar=4.jpg, dept=教研部, job=教学主管, entryDate=2026-10-08, updateTime=2026-10-08T15:07:47, exprList=[Expr(id=null, company=高德, begin=2011-09-07, end=2022-01-03, job=测试工程师)]), Emp(id=null, name=王老吉, username=wanglaoji, gender=1, avatar=4.jpg, dept=教研部, job=教学主管, entryDate=2026-10-08, updateTime=2026-10-08T15:07:47, exprList=[Expr(id=null, company=腾讯, begin=2021-09-27, end=2022-12-03, job=王者荣耀活动策划)]), Emp(id=null, name=意林天, username=yilingtian, gender=1, avatar=5.jpg, dept=教研部, job=心里咨询师, entryDate=2026-10-08, updateTime=2026-10-08T15:07:47, exprList=[Expr(id=null, company=淘宝, begin=2015-09-07, end=2022-11-03, job=货源审核师)]), Emp(id=null, name=刘雅雯, username=niuyawen, gender=2, avatar=6.jpg, dept=咨询部, job=喵喵配音师, entryDate=2026-10-08, updateTime=2026-10-08T15:07:47, exprList=[Expr(id=null, company=拼多多, begin=2017-09-07, end=2022-11-03, job=活动策划)]), Emp(id=null, name=盘王浩, username=pangwanghao, gender=1, avatar=7.jpg, dept=无忧部, job=时间管理师, entryDate=2026-10-08, updateTime=2026-10-08T15:07:47, exprList=[Expr(id=null, company=咸鱼, begin=2019-09-07, end=2022-11-03, job=客服)]), Emp(id=null, name=赖兵则, username=laibingze, gender=1, avatar=8.jpg, dept=无忧部, job=时间管理师, entryDate=2026-10-08, updateTime=2026-10-08T15:07:47, exprList=[Expr(id=null, company=微软, begin=2018-09-07, end=2022-11-03, job=软件开发工程师)]), Emp(id=null, name=苏柯累, username=sukelei, gender=1, avatar=9.jpg, dept=喵喵部, job=喵喵技术美术, entryDate=2026-10-08, updateTime=2026-10-08T15:07:47, exprList=[Expr(id=null, company=雀巢, begin=2025-09-07, end=2026-08-03, job=技术美术)]), Emp(id=null, name=苏柯累, username=sukelei, gender=1, avatar=9.jpg, dept=喵喵部, job=喵喵技术美术, entryDate=2026-10-08, updateTime=2026-10-08T15:07:47, exprList=[Expr(id=null, company=影视飓风, begin=2024-09-07, end=2025-11-03, job=视频剪辑师)]), Emp(id=null, name=岚风, username=lanfeng, gender=1, avatar=10.jpg, dept=教研部, job=喵喵配音师, entryDate=2026-10-08, updateTime=2026-10-08T15:07:47, exprList=[]), Emp(id=null, name=喵喵, username=miaomiao, gender=2, avatar=11.jpg, dept=null, job=null, entryDate=2026-10-08, updateTime=2026-10-08T16:27:57, exprList=[])]))
2026-23-08 23:07:28 [http-nio-8080-exec-7] INFO  com.wudd.controller.EmpController - 查询员工列表请求
2026-23-08 23:07:28 [http-nio-8080-exec-7] INFO  com.wudd.aspect.ControllerLogAspect - 总结该次操作 请求调用：com.wudd.controller.EmpController.queryEmpList(searchInfo=SearchInfo(name=, gender=null, job=, begin=null, end=null)) 执行耗时：5ms  |方法返回：Result(code=1, msg=success, data=SearchResult(total=11, empList=[Emp(id=null, name=王吉意, username=wangjiyi, gender=1, avatar=1.jpg, dept=教研部, job=讲师, entryDate=2026-10-08, updateTime=2026-10-08T15:07:47, exprList=[Expr(id=null, company=百度, begin=2021-09-07, end=2022-11-03, job=java开发工程师)]), Emp(id=null, name=王洋洋, username=wangyangyang, gender=1, avatar=2.jpg, dept=就业部, job=业务咨询, entryDate=2026-10-08, updateTime=2026-10-08T15:07:47, exprList=[Expr(id=null, company=字节, begin=2011-09-07, end=2017-11-03, job=游戏策划)]), Emp(id=null, name=孙境静, username=sunjingjin, gender=2, avatar=3.jpg, dept=咨询部, job=活动策划, entryDate=2026-10-08, updateTime=2026-10-08T15:07:47, exprList=[Expr(id=null, company=阿里, begin=2020-09-07, end=2021-11-03, job=云存储工程师)]), Emp(id=null, name=王老吉, username=wanglaoji, gender=1, avatar=4.jpg, dept=教研部, job=教学主管, entryDate=2026-10-08, updateTime=2026-10-08T15:07:47, exprList=[Expr(id=null, company=高德, begin=2011-09-07, end=2022-01-03, job=测试工程师)]), Emp(id=null, name=王老吉, username=wanglaoji, gender=1, avatar=4.jpg, dept=教研部, job=教学主管, entryDate=2026-10-08, updateTime=2026-10-08T15:07:47, exprList=[Expr(id=null, company=腾讯, begin=2021-09-27, end=2022-12-03, job=王者荣耀活动策划)]), Emp(id=null, name=意林天, username=yilingtian, gender=1, avatar=5.jpg, dept=教研部, job=心里咨询师, entryDate=2026-10-08, updateTime=2026-10-08T15:07:47, exprList=[Expr(id=null, company=淘宝, begin=2015-09-07, end=2022-11-03, job=货源审核师)]), Emp(id=null, name=刘雅雯, username=niuyawen, gender=2, avatar=6.jpg, dept=咨询部, job=喵喵配音师, entryDate=2026-10-08, updateTime=2026-10-08T15:07:47, exprList=[Expr(id=null, company=拼多多, begin=2017-09-07, end=2022-11-03, job=活动策划)]), Emp(id=null, name=盘王浩, username=pangwanghao, gender=1, avatar=7.jpg, dept=无忧部, job=时间管理师, entryDate=2026-10-08, updateTime=2026-10-08T15:07:47, exprList=[Expr(id=null, company=咸鱼, begin=2019-09-07, end=2022-11-03, job=客服)]), Emp(id=null, name=赖兵则, username=laibingze, gender=1, avatar=8.jpg, dept=无忧部, job=时间管理师, entryDate=2026-10-08, updateTime=2026-10-08T15:07:47, exprList=[Expr(id=null, company=微软, begin=2018-09-07, end=2022-11-03, job=软件开发工程师)]), Emp(id=null, name=苏柯累, username=sukelei, gender=1, avatar=9.jpg, dept=喵喵部, job=喵喵技术美术, entryDate=2026-10-08, updateTime=2026-10-08T15:07:47, exprList=[Expr(id=null, company=雀巢, begin=2025-09-07, end=2026-08-03, job=技术美术)]), Emp(id=null, name=苏柯累, username=sukelei, gender=1, avatar=9.jpg, dept=喵喵部, job=喵喵技术美术, entryDate=2026-10-08, updateTime=2026-10-08T15:07:47, exprList=[Expr(id=null, company=影视飓风, begin=2024-09-07, end=2025-11-03, job=视频剪辑师)]), Emp(id=null, name=岚风, username=lanfeng, gender=1, avatar=10.jpg, dept=教研部, job=喵喵配音师, entryDate=2026-10-08, updateTime=2026-10-08T15:07:47, exprList=[]), Emp(id=null, name=喵喵, username=miaomiao, gender=2, avatar=11.jpg, dept=null, job=null, entryDate=2026-10-08, updateTime=2026-10-08T16:27:57, exprList=[])]))
2026-23-08 23:07:35 [http-nio-8080-exec-8] INFO  com.wudd.controller.EmpController - 查询员工列表请求
2026-23-08 23:07:35 [http-nio-8080-exec-8] INFO  com.wudd.aspect.ControllerLogAspect - 总结该次操作 请求调用：com.wudd.controller.EmpController.queryEmpList(searchInfo=SearchInfo(name=, gender=null, job=, begin=null, end=null)) 执行耗时：38ms  |方法返回：Result(code=1, msg=success, data=SearchResult(total=11, empList=[Emp(id=null, name=王吉意, username=wangjiyi, gender=1, avatar=1.jpg, dept=教研部, job=讲师, entryDate=2026-10-08, updateTime=2026-10-08T15:07:47, exprList=[Expr(id=null, company=百度, begin=2021-09-07, end=2022-11-03, job=java开发工程师)]), Emp(id=null, name=王洋洋, username=wangyangyang, gender=1, avatar=2.jpg, dept=就业部, job=业务咨询, entryDate=2026-10-08, updateTime=2026-10-08T15:07:47, exprList=[Expr(id=null, company=字节, begin=2011-09-07, end=2017-11-03, job=游戏策划)]), Emp(id=null, name=孙境静, username=sunjingjin, gender=2, avatar=3.jpg, dept=咨询部, job=活动策划, entryDate=2026-10-08, updateTime=2026-10-08T15:07:47, exprList=[Expr(id=null, company=阿里, begin=2020-09-07, end=2021-11-03, job=云存储工程师)]), Emp(id=null, name=王老吉, username=wanglaoji, gender=1, avatar=4.jpg, dept=教研部, job=教学主管, entryDate=2026-10-08, updateTime=2026-10-08T15:07:47, exprList=[Expr(id=null, company=高德, begin=2011-09-07, end=2022-01-03, job=测试工程师)]), Emp(id=null, name=王老吉, username=wanglaoji, gender=1, avatar=4.jpg, dept=教研部, job=教学主管, entryDate=2026-10-08, updateTime=2026-10-08T15:07:47, exprList=[Expr(id=null, company=腾讯, begin=2021-09-27, end=2022-12-03, job=王者荣耀活动策划)]), Emp(id=null, name=意林天, username=yilingtian, gender=1, avatar=5.jpg, dept=教研部, job=心里咨询师, entryDate=2026-10-08, updateTime=2026-10-08T15:07:47, exprList=[Expr(id=null, company=淘宝, begin=2015-09-07, end=2022-11-03, job=货源审核师)]), Emp(id=null, name=刘雅雯, username=niuyawen, gender=2, avatar=6.jpg, dept=咨询部, job=喵喵配音师, entryDate=2026-10-08, updateTime=2026-10-08T15:07:47, exprList=[Expr(id=null, company=拼多多, begin=2017-09-07, end=2022-11-03, job=活动策划)]), Emp(id=null, name=盘王浩, username=pangwanghao, gender=1, avatar=7.jpg, dept=无忧部, job=时间管理师, entryDate=2026-10-08, updateTime=2026-10-08T15:07:47, exprList=[Expr(id=null, company=咸鱼, begin=2019-09-07, end=2022-11-03, job=客服)]), Emp(id=null, name=赖兵则, username=laibingze, gender=1, avatar=8.jpg, dept=无忧部, job=时间管理师, entryDate=2026-10-08, updateTime=2026-10-08T15:07:47, exprList=[Expr(id=null, company=微软, begin=2018-09-07, end=2022-11-03, job=软件开发工程师)]), Emp(id=null, name=苏柯累, username=sukelei, gender=1, avatar=9.jpg, dept=喵喵部, job=喵喵技术美术, entryDate=2026-10-08, updateTime=2026-10-08T15:07:47, exprList=[Expr(id=null, company=雀巢, begin=2025-09-07, end=2026-08-03, job=技术美术)]), Emp(id=null, name=苏柯累, username=sukelei, gender=1, avatar=9.jpg, dept=喵喵部, job=喵喵技术美术, entryDate=2026-10-08, updateTime=2026-10-08T15:07:47, exprList=[Expr(id=null, company=影视飓风, begin=2024-09-07, end=2025-11-03, job=视频剪辑师)]), Emp(id=null, name=岚风, username=lanfeng, gender=1, avatar=10.jpg, dept=教研部, job=喵喵配音师, entryDate=2026-10-08, updateTime=2026-10-08T15:07:47, exprList=[]), Emp(id=null, name=喵喵, username=miaomiao, gender=2, avatar=11.jpg, dept=null, job=null, entryDate=2026-10-08, updateTime=2026-10-08T16:27:57, exprList=[])]))
2026-23-08 23:07:41 [http-nio-8080-exec-9] INFO  com.wudd.controller.EmpController - 查询员工列表请求
2026-23-08 23:07:41 [http-nio-8080-exec-9] INFO  com.wudd.aspect.ControllerLogAspect - 总结该次操作 请求调用：com.wudd.controller.EmpController.queryEmpList(searchInfo=SearchInfo(name=, gender=null, job=, begin=null, end=null)) 执行耗时：8ms  |方法返回：Result(code=1, msg=success, data=SearchResult(total=11, empList=[Emp(id=null, name=王吉意, username=wangjiyi, gender=1, avatar=1.jpg, dept=教研部, job=讲师, entryDate=2026-10-08, updateTime=2026-10-08T15:07:47, exprList=[Expr(id=null, company=百度, begin=2021-09-07, end=2022-11-03, job=java开发工程师)]), Emp(id=null, name=王洋洋, username=wangyangyang, gender=1, avatar=2.jpg, dept=就业部, job=业务咨询, entryDate=2026-10-08, updateTime=2026-10-08T15:07:47, exprList=[Expr(id=null, company=字节, begin=2011-09-07, end=2017-11-03, job=游戏策划)]), Emp(id=null, name=孙境静, username=sunjingjin, gender=2, avatar=3.jpg, dept=咨询部, job=活动策划, entryDate=2026-10-08, updateTime=2026-10-08T15:07:47, exprList=[Expr(id=null, company=阿里, begin=2020-09-07, end=2021-11-03, job=云存储工程师)]), Emp(id=null, name=王老吉, username=wanglaoji, gender=1, avatar=4.jpg, dept=教研部, job=教学主管, entryDate=2026-10-08, updateTime=2026-10-08T15:07:47, exprList=[Expr(id=null, company=高德, begin=2011-09-07, end=2022-01-03, job=测试工程师)]), Emp(id=null, name=王老吉, username=wanglaoji, gender=1, avatar=4.jpg, dept=教研部, job=教学主管, entryDate=2026-10-08, updateTime=2026-10-08T15:07:47, exprList=[Expr(id=null, company=腾讯, begin=2021-09-27, end=2022-12-03, job=王者荣耀活动策划)]), Emp(id=null, name=意林天, username=yilingtian, gender=1, avatar=5.jpg, dept=教研部, job=心里咨询师, entryDate=2026-10-08, updateTime=2026-10-08T15:07:47, exprList=[Expr(id=null, company=淘宝, begin=2015-09-07, end=2022-11-03, job=货源审核师)]), Emp(id=null, name=刘雅雯, username=niuyawen, gender=2, avatar=6.jpg, dept=咨询部, job=喵喵配音师, entryDate=2026-10-08, updateTime=2026-10-08T15:07:47, exprList=[Expr(id=null, company=拼多多, begin=2017-09-07, end=2022-11-03, job=活动策划)]), Emp(id=null, name=盘王浩, username=pangwanghao, gender=1, avatar=7.jpg, dept=无忧部, job=时间管理师, entryDate=2026-10-08, updateTime=2026-10-08T15:07:47, exprList=[Expr(id=null, company=咸鱼, begin=2019-09-07, end=2022-11-03, job=客服)]), Emp(id=null, name=赖兵则, username=laibingze, gender=1, avatar=8.jpg, dept=无忧部, job=时间管理师, entryDate=2026-10-08, updateTime=2026-10-08T15:07:47, exprList=[Expr(id=null, company=微软, begin=2018-09-07, end=2022-11-03, job=软件开发工程师)]), Emp(id=null, name=苏柯累, username=sukelei, gender=1, avatar=9.jpg, dept=喵喵部, job=喵喵技术美术, entryDate=2026-10-08, updateTime=2026-10-08T15:07:47, exprList=[Expr(id=null, company=雀巢, begin=2025-09-07, end=2026-08-03, job=技术美术)]), Emp(id=null, name=苏柯累, username=sukelei, gender=1, avatar=9.jpg, dept=喵喵部, job=喵喵技术美术, entryDate=2026-10-08, updateTime=2026-10-08T15:07:47, exprList=[Expr(id=null, company=影视飓风, begin=2024-09-07, end=2025-11-03, job=视频剪辑师)]), Emp(id=null, name=岚风, username=lanfeng, gender=1, avatar=10.jpg, dept=教研部, job=喵喵配音师, entryDate=2026-10-08, updateTime=2026-10-08T15:07:47, exprList=[]), Emp(id=null, name=喵喵, username=miaomiao, gender=2, avatar=11.jpg, dept=null, job=null, entryDate=2026-10-08, updateTime=2026-10-08T16:27:57, exprList=[])]))
2026-23-08 23:08:02 [http-nio-8080-exec-6] INFO  com.wudd.controller.EmpController - 查询员工列表请求
2026-23-08 23:08:02 [http-nio-8080-exec-6] INFO  com.wudd.aspect.ControllerLogAspect - 总结该次操作 请求调用：com.wudd.controller.EmpController.queryEmpList(searchInfo=SearchInfo(name=, gender=null, job=, begin=null, end=null)) 执行耗时：4ms  |方法返回：Result(code=1, msg=success, data=SearchResult(total=11, empList=[Emp(id=null, name=王吉意, username=wangjiyi, gender=1, avatar=1.jpg, dept=教研部, job=讲师, entryDate=2026-10-08, updateTime=2026-10-08T15:07:47, exprList=[Expr(id=null, company=百度, begin=2021-09-07, end=2022-11-03, job=java开发工程师)]), Emp(id=null, name=王洋洋, username=wangyangyang, gender=1, avatar=2.jpg, dept=就业部, job=业务咨询, entryDate=2026-10-08, updateTime=2026-10-08T15:07:47, exprList=[Expr(id=null, company=字节, begin=2011-09-07, end=2017-11-03, job=游戏策划)]), Emp(id=null, name=孙境静, username=sunjingjin, gender=2, avatar=3.jpg, dept=咨询部, job=活动策划, entryDate=2026-10-08, updateTime=2026-10-08T15:07:47, exprList=[Expr(id=null, company=阿里, begin=2020-09-07, end=2021-11-03, job=云存储工程师)]), Emp(id=null, name=王老吉, username=wanglaoji, gender=1, avatar=4.jpg, dept=教研部, job=教学主管, entryDate=2026-10-08, updateTime=2026-10-08T15:07:47, exprList=[Expr(id=null, company=高德, begin=2011-09-07, end=2022-01-03, job=测试工程师)]), Emp(id=null, name=王老吉, username=wanglaoji, gender=1, avatar=4.jpg, dept=教研部, job=教学主管, entryDate=2026-10-08, updateTime=2026-10-08T15:07:47, exprList=[Expr(id=null, company=腾讯, begin=2021-09-27, end=2022-12-03, job=王者荣耀活动策划)]), Emp(id=null, name=意林天, username=yilingtian, gender=1, avatar=5.jpg, dept=教研部, job=心里咨询师, entryDate=2026-10-08, updateTime=2026-10-08T15:07:47, exprList=[Expr(id=null, company=淘宝, begin=2015-09-07, end=2022-11-03, job=货源审核师)]), Emp(id=null, name=刘雅雯, username=niuyawen, gender=2, avatar=6.jpg, dept=咨询部, job=喵喵配音师, entryDate=2026-10-08, updateTime=2026-10-08T15:07:47, exprList=[Expr(id=null, company=拼多多, begin=2017-09-07, end=2022-11-03, job=活动策划)]), Emp(id=null, name=盘王浩, username=pangwanghao, gender=1, avatar=7.jpg, dept=无忧部, job=时间管理师, entryDate=2026-10-08, updateTime=2026-10-08T15:07:47, exprList=[Expr(id=null, company=咸鱼, begin=2019-09-07, end=2022-11-03, job=客服)]), Emp(id=null, name=赖兵则, username=laibingze, gender=1, avatar=8.jpg, dept=无忧部, job=时间管理师, entryDate=2026-10-08, updateTime=2026-10-08T15:07:47, exprList=[Expr(id=null, company=微软, begin=2018-09-07, end=2022-11-03, job=软件开发工程师)]), Emp(id=null, name=苏柯累, username=sukelei, gender=1, avatar=9.jpg, dept=喵喵部, job=喵喵技术美术, entryDate=2026-10-08, updateTime=2026-10-08T15:07:47, exprList=[Expr(id=null, company=雀巢, begin=2025-09-07, end=2026-08-03, job=技术美术)]), Emp(id=null, name=苏柯累, username=sukelei, gender=1, avatar=9.jpg, dept=喵喵部, job=喵喵技术美术, entryDate=2026-10-08, updateTime=2026-10-08T15:07:47, exprList=[Expr(id=null, company=影视飓风, begin=2024-09-07, end=2025-11-03, job=视频剪辑师)]), Emp(id=null, name=岚风, username=lanfeng, gender=1, avatar=10.jpg, dept=教研部, job=喵喵配音师, entryDate=2026-10-08, updateTime=2026-10-08T15:07:47, exprList=[]), Emp(id=null, name=喵喵, username=miaomiao, gender=2, avatar=11.jpg, dept=null, job=null, entryDate=2026-10-08, updateTime=2026-10-08T16:27:57, exprList=[])]))
2026-23-08 23:08:09 [http-nio-8080-exec-1] INFO  com.wudd.controller.EmpController - 查询员工列表请求
2026-23-08 23:08:09 [http-nio-8080-exec-1] INFO  com.wudd.aspect.ControllerLogAspect - 总结该次操作 请求调用：com.wudd.controller.EmpController.queryEmpList(searchInfo=SearchInfo(name=, gender=null, job=, begin=null, end=null)) 执行耗时：31ms  |方法返回：Result(code=1, msg=success, data=SearchResult(total=11, empList=[Emp(id=null, name=王吉意, username=wangjiyi, gender=1, avatar=1.jpg, dept=教研部, job=讲师, entryDate=2026-10-08, updateTime=2026-10-08T15:07:47, exprList=[Expr(id=null, company=百度, begin=2021-09-07, end=2022-11-03, job=java开发工程师)]), Emp(id=null, name=王洋洋, username=wangyangyang, gender=1, avatar=2.jpg, dept=就业部, job=业务咨询, entryDate=2026-10-08, updateTime=2026-10-08T15:07:47, exprList=[Expr(id=null, company=字节, begin=2011-09-07, end=2017-11-03, job=游戏策划)]), Emp(id=null, name=孙境静, username=sunjingjin, gender=2, avatar=3.jpg, dept=咨询部, job=活动策划, entryDate=2026-10-08, updateTime=2026-10-08T15:07:47, exprList=[Expr(id=null, company=阿里, begin=2020-09-07, end=2021-11-03, job=云存储工程师)]), Emp(id=null, name=王老吉, username=wanglaoji, gender=1, avatar=4.jpg, dept=教研部, job=教学主管, entryDate=2026-10-08, updateTime=2026-10-08T15:07:47, exprList=[Expr(id=null, company=高德, begin=2011-09-07, end=2022-01-03, job=测试工程师)]), Emp(id=null, name=王老吉, username=wanglaoji, gender=1, avatar=4.jpg, dept=教研部, job=教学主管, entryDate=2026-10-08, updateTime=2026-10-08T15:07:47, exprList=[Expr(id=null, company=腾讯, begin=2021-09-27, end=2022-12-03, job=王者荣耀活动策划)]), Emp(id=null, name=意林天, username=yilingtian, gender=1, avatar=5.jpg, dept=教研部, job=心里咨询师, entryDate=2026-10-08, updateTime=2026-10-08T15:07:47, exprList=[Expr(id=null, company=淘宝, begin=2015-09-07, end=2022-11-03, job=货源审核师)]), Emp(id=null, name=刘雅雯, username=niuyawen, gender=2, avatar=6.jpg, dept=咨询部, job=喵喵配音师, entryDate=2026-10-08, updateTime=2026-10-08T15:07:47, exprList=[Expr(id=null, company=拼多多, begin=2017-09-07, end=2022-11-03, job=活动策划)]), Emp(id=null, name=盘王浩, username=pangwanghao, gender=1, avatar=7.jpg, dept=无忧部, job=时间管理师, entryDate=2026-10-08, updateTime=2026-10-08T15:07:47, exprList=[Expr(id=null, company=咸鱼, begin=2019-09-07, end=2022-11-03, job=客服)]), Emp(id=null, name=赖兵则, username=laibingze, gender=1, avatar=8.jpg, dept=无忧部, job=时间管理师, entryDate=2026-10-08, updateTime=2026-10-08T15:07:47, exprList=[Expr(id=null, company=微软, begin=2018-09-07, end=2022-11-03, job=软件开发工程师)]), Emp(id=null, name=苏柯累, username=sukelei, gender=1, avatar=9.jpg, dept=喵喵部, job=喵喵技术美术, entryDate=2026-10-08, updateTime=2026-10-08T15:07:47, exprList=[Expr(id=null, company=雀巢, begin=2025-09-07, end=2026-08-03, job=技术美术)]), Emp(id=null, name=苏柯累, username=sukelei, gender=1, avatar=9.jpg, dept=喵喵部, job=喵喵技术美术, entryDate=2026-10-08, updateTime=2026-10-08T15:07:47, exprList=[Expr(id=null, company=影视飓风, begin=2024-09-07, end=2025-11-03, job=视频剪辑师)]), Emp(id=null, name=岚风, username=lanfeng, gender=1, avatar=10.jpg, dept=教研部, job=喵喵配音师, entryDate=2026-10-08, updateTime=2026-10-08T15:07:47, exprList=[]), Emp(id=null, name=喵喵, username=miaomiao, gender=2, avatar=11.jpg, dept=null, job=null, entryDate=2026-10-08, updateTime=2026-10-08T16:27:57, exprList=[])]))
2026-23-08 23:09:07 [http-nio-8080-exec-2] INFO  com.wudd.controller.EmpController - 查询员工列表请求
2026-23-08 23:09:07 [http-nio-8080-exec-2] INFO  com.wudd.aspect.ControllerLogAspect - 总结该次操作 请求调用：com.wudd.controller.EmpController.queryEmpList(searchInfo=SearchInfo(name=, gender=null, job=, begin=null, end=null)) 执行耗时：5ms  |方法返回：Result(code=1, msg=success, data=SearchResult(total=11, empList=[Emp(id=null, name=王吉意, username=wangjiyi, gender=1, avatar=1.jpg, dept=教研部, job=讲师, entryDate=2026-10-08, updateTime=2026-10-08T15:07:47, exprList=[Expr(id=null, company=百度, begin=2021-09-07, end=2022-11-03, job=java开发工程师)]), Emp(id=null, name=王洋洋, username=wangyangyang, gender=1, avatar=2.jpg, dept=就业部, job=业务咨询, entryDate=2026-10-08, updateTime=2026-10-08T15:07:47, exprList=[Expr(id=null, company=字节, begin=2011-09-07, end=2017-11-03, job=游戏策划)]), Emp(id=null, name=孙境静, username=sunjingjin, gender=2, avatar=3.jpg, dept=咨询部, job=活动策划, entryDate=2026-10-08, updateTime=2026-10-08T15:07:47, exprList=[Expr(id=null, company=阿里, begin=2020-09-07, end=2021-11-03, job=云存储工程师)]), Emp(id=null, name=王老吉, username=wanglaoji, gender=1, avatar=4.jpg, dept=教研部, job=教学主管, entryDate=2026-10-08, updateTime=2026-10-08T15:07:47, exprList=[Expr(id=null, company=高德, begin=2011-09-07, end=2022-01-03, job=测试工程师)]), Emp(id=null, name=王老吉, username=wanglaoji, gender=1, avatar=4.jpg, dept=教研部, job=教学主管, entryDate=2026-10-08, updateTime=2026-10-08T15:07:47, exprList=[Expr(id=null, company=腾讯, begin=2021-09-27, end=2022-12-03, job=王者荣耀活动策划)]), Emp(id=null, name=意林天, username=yilingtian, gender=1, avatar=5.jpg, dept=教研部, job=心里咨询师, entryDate=2026-10-08, updateTime=2026-10-08T15:07:47, exprList=[Expr(id=null, company=淘宝, begin=2015-09-07, end=2022-11-03, job=货源审核师)]), Emp(id=null, name=刘雅雯, username=niuyawen, gender=2, avatar=6.jpg, dept=咨询部, job=喵喵配音师, entryDate=2026-10-08, updateTime=2026-10-08T15:07:47, exprList=[Expr(id=null, company=拼多多, begin=2017-09-07, end=2022-11-03, job=活动策划)]), Emp(id=null, name=盘王浩, username=pangwanghao, gender=1, avatar=7.jpg, dept=无忧部, job=时间管理师, entryDate=2026-10-08, updateTime=2026-10-08T15:07:47, exprList=[Expr(id=null, company=咸鱼, begin=2019-09-07, end=2022-11-03, job=客服)]), Emp(id=null, name=赖兵则, username=laibingze, gender=1, avatar=8.jpg, dept=无忧部, job=时间管理师, entryDate=2026-10-08, updateTime=2026-10-08T15:07:47, exprList=[Expr(id=null, company=微软, begin=2018-09-07, end=2022-11-03, job=软件开发工程师)]), Emp(id=null, name=苏柯累, username=sukelei, gender=1, avatar=9.jpg, dept=喵喵部, job=喵喵技术美术, entryDate=2026-10-08, updateTime=2026-10-08T15:07:47, exprList=[Expr(id=null, company=雀巢, begin=2025-09-07, end=2026-08-03, job=技术美术)]), Emp(id=null, name=苏柯累, username=sukelei, gender=1, avatar=9.jpg, dept=喵喵部, job=喵喵技术美术, entryDate=2026-10-08, updateTime=2026-10-08T15:07:47, exprList=[Expr(id=null, company=影视飓风, begin=2024-09-07, end=2025-11-03, job=视频剪辑师)]), Emp(id=null, name=岚风, username=lanfeng, gender=1, avatar=10.jpg, dept=教研部, job=喵喵配音师, entryDate=2026-10-08, updateTime=2026-10-08T15:07:47, exprList=[]), Emp(id=null, name=喵喵, username=miaomiao, gender=2, avatar=11.jpg, dept=null, job=null, entryDate=2026-10-08, updateTime=2026-10-08T16:27:57, exprList=[])]))
2026-23-08 23:09:19 [http-nio-8080-exec-4] INFO  com.wudd.controller.EmpController - 查询员工列表请求
2026-23-08 23:09:19 [http-nio-8080-exec-4] INFO  com.wudd.aspect.ControllerLogAspect - 总结该次操作 请求调用：com.wudd.controller.EmpController.queryEmpList(searchInfo=SearchInfo(name=, gender=null, job=, begin=null, end=null)) 执行耗时：3ms  |方法返回：Result(code=1, msg=success, data=SearchResult(total=11, empList=[Emp(id=null, name=王吉意, username=wangjiyi, gender=1, avatar=1.jpg, dept=教研部, job=讲师, entryDate=2026-10-08, updateTime=2026-10-08T15:07:47, exprList=[Expr(id=null, company=百度, begin=2021-09-07, end=2022-11-03, job=java开发工程师)]), Emp(id=null, name=王洋洋, username=wangyangyang, gender=1, avatar=2.jpg, dept=就业部, job=业务咨询, entryDate=2026-10-08, updateTime=2026-10-08T15:07:47, exprList=[Expr(id=null, company=字节, begin=2011-09-07, end=2017-11-03, job=游戏策划)]), Emp(id=null, name=孙境静, username=sunjingjin, gender=2, avatar=3.jpg, dept=咨询部, job=活动策划, entryDate=2026-10-08, updateTime=2026-10-08T15:07:47, exprList=[Expr(id=null, company=阿里, begin=2020-09-07, end=2021-11-03, job=云存储工程师)]), Emp(id=null, name=王老吉, username=wanglaoji, gender=1, avatar=4.jpg, dept=教研部, job=教学主管, entryDate=2026-10-08, updateTime=2026-10-08T15:07:47, exprList=[Expr(id=null, company=高德, begin=2011-09-07, end=2022-01-03, job=测试工程师)]), Emp(id=null, name=王老吉, username=wanglaoji, gender=1, avatar=4.jpg, dept=教研部, job=教学主管, entryDate=2026-10-08, updateTime=2026-10-08T15:07:47, exprList=[Expr(id=null, company=腾讯, begin=2021-09-27, end=2022-12-03, job=王者荣耀活动策划)]), Emp(id=null, name=意林天, username=yilingtian, gender=1, avatar=5.jpg, dept=教研部, job=心里咨询师, entryDate=2026-10-08, updateTime=2026-10-08T15:07:47, exprList=[Expr(id=null, company=淘宝, begin=2015-09-07, end=2022-11-03, job=货源审核师)]), Emp(id=null, name=刘雅雯, username=niuyawen, gender=2, avatar=6.jpg, dept=咨询部, job=喵喵配音师, entryDate=2026-10-08, updateTime=2026-10-08T15:07:47, exprList=[Expr(id=null, company=拼多多, begin=2017-09-07, end=2022-11-03, job=活动策划)]), Emp(id=null, name=盘王浩, username=pangwanghao, gender=1, avatar=7.jpg, dept=无忧部, job=时间管理师, entryDate=2026-10-08, updateTime=2026-10-08T15:07:47, exprList=[Expr(id=null, company=咸鱼, begin=2019-09-07, end=2022-11-03, job=客服)]), Emp(id=null, name=赖兵则, username=laibingze, gender=1, avatar=8.jpg, dept=无忧部, job=时间管理师, entryDate=2026-10-08, updateTime=2026-10-08T15:07:47, exprList=[Expr(id=null, company=微软, begin=2018-09-07, end=2022-11-03, job=软件开发工程师)]), Emp(id=null, name=苏柯累, username=sukelei, gender=1, avatar=9.jpg, dept=喵喵部, job=喵喵技术美术, entryDate=2026-10-08, updateTime=2026-10-08T15:07:47, exprList=[Expr(id=null, company=雀巢, begin=2025-09-07, end=2026-08-03, job=技术美术)]), Emp(id=null, name=苏柯累, username=sukelei, gender=1, avatar=9.jpg, dept=喵喵部, job=喵喵技术美术, entryDate=2026-10-08, updateTime=2026-10-08T15:07:47, exprList=[Expr(id=null, company=影视飓风, begin=2024-09-07, end=2025-11-03, job=视频剪辑师)]), Emp(id=null, name=岚风, username=lanfeng, gender=1, avatar=10.jpg, dept=教研部, job=喵喵配音师, entryDate=2026-10-08, updateTime=2026-10-08T15:07:47, exprList=[]), Emp(id=null, name=喵喵, username=miaomiao, gender=2, avatar=11.jpg, dept=null, job=null, entryDate=2026-10-08, updateTime=2026-10-08T16:27:57, exprList=[])]))
2026-23-08 23:09:24 [http-nio-8080-exec-5] INFO  com.wudd.controller.EmpController - 查询员工列表请求
2026-23-08 23:09:24 [http-nio-8080-exec-5] INFO  com.wudd.aspect.ControllerLogAspect - 总结该次操作 请求调用：com.wudd.controller.EmpController.queryEmpList(searchInfo=SearchInfo(name=, gender=null, job=, begin=null, end=null)) 执行耗时：10ms  |方法返回：Result(code=1, msg=success, data=SearchResult(total=11, empList=[Emp(id=null, name=王吉意, username=wangjiyi, gender=1, avatar=1.jpg, dept=教研部, job=讲师, entryDate=2026-10-08, updateTime=2026-10-08T15:07:47, exprList=[Expr(id=null, company=百度, begin=2021-09-07, end=2022-11-03, job=java开发工程师)]), Emp(id=null, name=王洋洋, username=wangyangyang, gender=1, avatar=2.jpg, dept=就业部, job=业务咨询, entryDate=2026-10-08, updateTime=2026-10-08T15:07:47, exprList=[Expr(id=null, company=字节, begin=2011-09-07, end=2017-11-03, job=游戏策划)]), Emp(id=null, name=孙境静, username=sunjingjin, gender=2, avatar=3.jpg, dept=咨询部, job=活动策划, entryDate=2026-10-08, updateTime=2026-10-08T15:07:47, exprList=[Expr(id=null, company=阿里, begin=2020-09-07, end=2021-11-03, job=云存储工程师)]), Emp(id=null, name=王老吉, username=wanglaoji, gender=1, avatar=4.jpg, dept=教研部, job=教学主管, entryDate=2026-10-08, updateTime=2026-10-08T15:07:47, exprList=[Expr(id=null, company=高德, begin=2011-09-07, end=2022-01-03, job=测试工程师)]), Emp(id=null, name=王老吉, username=wanglaoji, gender=1, avatar=4.jpg, dept=教研部, job=教学主管, entryDate=2026-10-08, updateTime=2026-10-08T15:07:47, exprList=[Expr(id=null, company=腾讯, begin=2021-09-27, end=2022-12-03, job=王者荣耀活动策划)]), Emp(id=null, name=意林天, username=yilingtian, gender=1, avatar=5.jpg, dept=教研部, job=心里咨询师, entryDate=2026-10-08, updateTime=2026-10-08T15:07:47, exprList=[Expr(id=null, company=淘宝, begin=2015-09-07, end=2022-11-03, job=货源审核师)]), Emp(id=null, name=刘雅雯, username=niuyawen, gender=2, avatar=6.jpg, dept=咨询部, job=喵喵配音师, entryDate=2026-10-08, updateTime=2026-10-08T15:07:47, exprList=[Expr(id=null, company=拼多多, begin=2017-09-07, end=2022-11-03, job=活动策划)]), Emp(id=null, name=盘王浩, username=pangwanghao, gender=1, avatar=7.jpg, dept=无忧部, job=时间管理师, entryDate=2026-10-08, updateTime=2026-10-08T15:07:47, exprList=[Expr(id=null, company=咸鱼, begin=2019-09-07, end=2022-11-03, job=客服)]), Emp(id=null, name=赖兵则, username=laibingze, gender=1, avatar=8.jpg, dept=无忧部, job=时间管理师, entryDate=2026-10-08, updateTime=2026-10-08T15:07:47, exprList=[Expr(id=null, company=微软, begin=2018-09-07, end=2022-11-03, job=软件开发工程师)]), Emp(id=null, name=苏柯累, username=sukelei, gender=1, avatar=9.jpg, dept=喵喵部, job=喵喵技术美术, entryDate=2026-10-08, updateTime=2026-10-08T15:07:47, exprList=[Expr(id=null, company=雀巢, begin=2025-09-07, end=2026-08-03, job=技术美术)]), Emp(id=null, name=苏柯累, username=sukelei, gender=1, avatar=9.jpg, dept=喵喵部, job=喵喵技术美术, entryDate=2026-10-08, updateTime=2026-10-08T15:07:47, exprList=[Expr(id=null, company=影视飓风, begin=2024-09-07, end=2025-11-03, job=视频剪辑师)]), Emp(id=null, name=岚风, username=lanfeng, gender=1, avatar=10.jpg, dept=教研部, job=喵喵配音师, entryDate=2026-10-08, updateTime=2026-10-08T15:07:47, exprList=[]), Emp(id=null, name=喵喵, username=miaomiao, gender=2, avatar=11.jpg, dept=null, job=null, entryDate=2026-10-08, updateTime=2026-10-08T16:27:57, exprList=[])]))
2026-23-08 23:09:53 [http-nio-8080-exec-3] INFO  com.wudd.controller.EmpController - 查询员工列表请求
2026-23-08 23:09:53 [http-nio-8080-exec-3] INFO  com.wudd.aspect.ControllerLogAspect - 总结该次操作 请求调用：com.wudd.controller.EmpController.queryEmpList(searchInfo=SearchInfo(name=, gender=null, job=, begin=null, end=null)) 执行耗时：5ms  |方法返回：Result(code=1, msg=success, data=SearchResult(total=11, empList=[Emp(id=null, name=王吉意, username=wangjiyi, gender=1, avatar=1.jpg, dept=教研部, job=讲师, entryDate=2026-10-08, updateTime=2026-10-08T15:07:47, exprList=[Expr(id=null, company=百度, begin=2021-09-07, end=2022-11-03, job=java开发工程师)]), Emp(id=null, name=王洋洋, username=wangyangyang, gender=1, avatar=2.jpg, dept=就业部, job=业务咨询, entryDate=2026-10-08, updateTime=2026-10-08T15:07:47, exprList=[Expr(id=null, company=字节, begin=2011-09-07, end=2017-11-03, job=游戏策划)]), Emp(id=null, name=孙境静, username=sunjingjin, gender=2, avatar=3.jpg, dept=咨询部, job=活动策划, entryDate=2026-10-08, updateTime=2026-10-08T15:07:47, exprList=[Expr(id=null, company=阿里, begin=2020-09-07, end=2021-11-03, job=云存储工程师)]), Emp(id=null, name=王老吉, username=wanglaoji, gender=1, avatar=4.jpg, dept=教研部, job=教学主管, entryDate=2026-10-08, updateTime=2026-10-08T15:07:47, exprList=[Expr(id=null, company=高德, begin=2011-09-07, end=2022-01-03, job=测试工程师)]), Emp(id=null, name=王老吉, username=wanglaoji, gender=1, avatar=4.jpg, dept=教研部, job=教学主管, entryDate=2026-10-08, updateTime=2026-10-08T15:07:47, exprList=[Expr(id=null, company=腾讯, begin=2021-09-27, end=2022-12-03, job=王者荣耀活动策划)]), Emp(id=null, name=意林天, username=yilingtian, gender=1, avatar=5.jpg, dept=教研部, job=心里咨询师, entryDate=2026-10-08, updateTime=2026-10-08T15:07:47, exprList=[Expr(id=null, company=淘宝, begin=2015-09-07, end=2022-11-03, job=货源审核师)]), Emp(id=null, name=刘雅雯, username=niuyawen, gender=2, avatar=6.jpg, dept=咨询部, job=喵喵配音师, entryDate=2026-10-08, updateTime=2026-10-08T15:07:47, exprList=[Expr(id=null, company=拼多多, begin=2017-09-07, end=2022-11-03, job=活动策划)]), Emp(id=null, name=盘王浩, username=pangwanghao, gender=1, avatar=7.jpg, dept=无忧部, job=时间管理师, entryDate=2026-10-08, updateTime=2026-10-08T15:07:47, exprList=[Expr(id=null, company=咸鱼, begin=2019-09-07, end=2022-11-03, job=客服)]), Emp(id=null, name=赖兵则, username=laibingze, gender=1, avatar=8.jpg, dept=无忧部, job=时间管理师, entryDate=2026-10-08, updateTime=2026-10-08T15:07:47, exprList=[Expr(id=null, company=微软, begin=2018-09-07, end=2022-11-03, job=软件开发工程师)]), Emp(id=null, name=苏柯累, username=sukelei, gender=1, avatar=9.jpg, dept=喵喵部, job=喵喵技术美术, entryDate=2026-10-08, updateTime=2026-10-08T15:07:47, exprList=[Expr(id=null, company=雀巢, begin=2025-09-07, end=2026-08-03, job=技术美术)]), Emp(id=null, name=苏柯累, username=sukelei, gender=1, avatar=9.jpg, dept=喵喵部, job=喵喵技术美术, entryDate=2026-10-08, updateTime=2026-10-08T15:07:47, exprList=[Expr(id=null, company=影视飓风, begin=2024-09-07, end=2025-11-03, job=视频剪辑师)]), Emp(id=null, name=岚风, username=lanfeng, gender=1, avatar=10.jpg, dept=教研部, job=喵喵配音师, entryDate=2026-10-08, updateTime=2026-10-08T15:07:47, exprList=[]), Emp(id=null, name=喵喵, username=miaomiao, gender=2, avatar=11.jpg, dept=null, job=null, entryDate=2026-10-08, updateTime=2026-10-08T16:27:57, exprList=[])]))
2026-23-08 23:14:58 [http-nio-8080-exec-10] INFO  com.wudd.controller.EmpController - 查询员工列表请求
2026-23-08 23:14:58 [http-nio-8080-exec-10] INFO  com.wudd.aspect.ControllerLogAspect - 总结该次操作 请求调用：com.wudd.controller.EmpController.queryEmpList(searchInfo=SearchInfo(name=, gender=null, job=, begin=null, end=null)) 执行耗时：14ms  |方法返回：Result(code=1, msg=success, data=SearchResult(total=11, empList=[Emp(id=null, name=王吉意, username=wangjiyi, gender=1, avatar=1.jpg, dept=教研部, job=讲师, entryDate=2026-10-08, updateTime=2026-10-08T15:07:47, exprList=[Expr(id=null, company=百度, begin=2021-09-07, end=2022-11-03, job=java开发工程师)]), Emp(id=null, name=王洋洋, username=wangyangyang, gender=1, avatar=2.jpg, dept=就业部, job=业务咨询, entryDate=2026-10-08, updateTime=2026-10-08T15:07:47, exprList=[Expr(id=null, company=字节, begin=2011-09-07, end=2017-11-03, job=游戏策划)]), Emp(id=null, name=孙境静, username=sunjingjin, gender=2, avatar=3.jpg, dept=咨询部, job=活动策划, entryDate=2026-10-08, updateTime=2026-10-08T15:07:47, exprList=[Expr(id=null, company=阿里, begin=2020-09-07, end=2021-11-03, job=云存储工程师)]), Emp(id=null, name=王老吉, username=wanglaoji, gender=1, avatar=4.jpg, dept=教研部, job=教学主管, entryDate=2026-10-08, updateTime=2026-10-08T15:07:47, exprList=[Expr(id=null, company=高德, begin=2011-09-07, end=2022-01-03, job=测试工程师)]), Emp(id=null, name=王老吉, username=wanglaoji, gender=1, avatar=4.jpg, dept=教研部, job=教学主管, entryDate=2026-10-08, updateTime=2026-10-08T15:07:47, exprList=[Expr(id=null, company=腾讯, begin=2021-09-27, end=2022-12-03, job=王者荣耀活动策划)]), Emp(id=null, name=意林天, username=yilingtian, gender=1, avatar=5.jpg, dept=教研部, job=心里咨询师, entryDate=2026-10-08, updateTime=2026-10-08T15:07:47, exprList=[Expr(id=null, company=淘宝, begin=2015-09-07, end=2022-11-03, job=货源审核师)]), Emp(id=null, name=刘雅雯, username=niuyawen, gender=2, avatar=6.jpg, dept=咨询部, job=喵喵配音师, entryDate=2026-10-08, updateTime=2026-10-08T15:07:47, exprList=[Expr(id=null, company=拼多多, begin=2017-09-07, end=2022-11-03, job=活动策划)]), Emp(id=null, name=盘王浩, username=pangwanghao, gender=1, avatar=7.jpg, dept=无忧部, job=时间管理师, entryDate=2026-10-08, updateTime=2026-10-08T15:07:47, exprList=[Expr(id=null, company=咸鱼, begin=2019-09-07, end=2022-11-03, job=客服)]), Emp(id=null, name=赖兵则, username=laibingze, gender=1, avatar=8.jpg, dept=无忧部, job=时间管理师, entryDate=2026-10-08, updateTime=2026-10-08T15:07:47, exprList=[Expr(id=null, company=微软, begin=2018-09-07, end=2022-11-03, job=软件开发工程师)]), Emp(id=null, name=苏柯累, username=sukelei, gender=1, avatar=9.jpg, dept=喵喵部, job=喵喵技术美术, entryDate=2026-10-08, updateTime=2026-10-08T15:07:47, exprList=[Expr(id=null, company=雀巢, begin=2025-09-07, end=2026-08-03, job=技术美术)]), Emp(id=null, name=苏柯累, username=sukelei, gender=1, avatar=9.jpg, dept=喵喵部, job=喵喵技术美术, entryDate=2026-10-08, updateTime=2026-10-08T15:07:47, exprList=[Expr(id=null, company=影视飓风, begin=2024-09-07, end=2025-11-03, job=视频剪辑师)]), Emp(id=null, name=岚风, username=lanfeng, gender=1, avatar=10.jpg, dept=教研部, job=喵喵配音师, entryDate=2026-10-08, updateTime=2026-10-08T15:07:47, exprList=[]), Emp(id=null, name=喵喵, username=miaomiao, gender=2, avatar=11.jpg, dept=null, job=null, entryDate=2026-10-08, updateTime=2026-10-08T16:27:57, exprList=[])]))
2026-23-08 23:17:21 [http-nio-8080-exec-7] INFO  com.wudd.controller.EmpController - 查询员工列表请求
2026-23-08 23:17:21 [http-nio-8080-exec-7] INFO  com.wudd.aspect.ControllerLogAspect - 总结该次操作 请求调用：com.wudd.controller.EmpController.queryEmpList(searchInfo=SearchInfo(name=, gender=null, job=, begin=null, end=null)) 执行耗时：8ms  |方法返回：Result(code=1, msg=success, data=SearchResult(total=11, empList=[Emp(id=null, name=王吉意, username=wangjiyi, gender=1, avatar=1.jpg, dept=教研部, job=讲师, entryDate=2026-10-08, updateTime=2026-10-08T15:07:47, exprList=[Expr(id=null, company=百度, begin=2021-09-07, end=2022-11-03, job=java开发工程师)]), Emp(id=null, name=王洋洋, username=wangyangyang, gender=1, avatar=2.jpg, dept=就业部, job=业务咨询, entryDate=2026-10-08, updateTime=2026-10-08T15:07:47, exprList=[Expr(id=null, company=字节, begin=2011-09-07, end=2017-11-03, job=游戏策划)]), Emp(id=null, name=孙境静, username=sunjingjin, gender=2, avatar=3.jpg, dept=咨询部, job=活动策划, entryDate=2026-10-08, updateTime=2026-10-08T15:07:47, exprList=[Expr(id=null, company=阿里, begin=2020-09-07, end=2021-11-03, job=云存储工程师)]), Emp(id=null, name=王老吉, username=wanglaoji, gender=1, avatar=4.jpg, dept=教研部, job=教学主管, entryDate=2026-10-08, updateTime=2026-10-08T15:07:47, exprList=[Expr(id=null, company=高德, begin=2011-09-07, end=2022-01-03, job=测试工程师)]), Emp(id=null, name=王老吉, username=wanglaoji, gender=1, avatar=4.jpg, dept=教研部, job=教学主管, entryDate=2026-10-08, updateTime=2026-10-08T15:07:47, exprList=[Expr(id=null, company=腾讯, begin=2021-09-27, end=2022-12-03, job=王者荣耀活动策划)]), Emp(id=null, name=意林天, username=yilingtian, gender=1, avatar=5.jpg, dept=教研部, job=心里咨询师, entryDate=2026-10-08, updateTime=2026-10-08T15:07:47, exprList=[Expr(id=null, company=淘宝, begin=2015-09-07, end=2022-11-03, job=货源审核师)]), Emp(id=null, name=刘雅雯, username=niuyawen, gender=2, avatar=6.jpg, dept=咨询部, job=喵喵配音师, entryDate=2026-10-08, updateTime=2026-10-08T15:07:47, exprList=[Expr(id=null, company=拼多多, begin=2017-09-07, end=2022-11-03, job=活动策划)]), Emp(id=null, name=盘王浩, username=pangwanghao, gender=1, avatar=7.jpg, dept=无忧部, job=时间管理师, entryDate=2026-10-08, updateTime=2026-10-08T15:07:47, exprList=[Expr(id=null, company=咸鱼, begin=2019-09-07, end=2022-11-03, job=客服)]), Emp(id=null, name=赖兵则, username=laibingze, gender=1, avatar=8.jpg, dept=无忧部, job=时间管理师, entryDate=2026-10-08, updateTime=2026-10-08T15:07:47, exprList=[Expr(id=null, company=微软, begin=2018-09-07, end=2022-11-03, job=软件开发工程师)]), Emp(id=null, name=苏柯累, username=sukelei, gender=1, avatar=9.jpg, dept=喵喵部, job=喵喵技术美术, entryDate=2026-10-08, updateTime=2026-10-08T15:07:47, exprList=[Expr(id=null, company=雀巢, begin=2025-09-07, end=2026-08-03, job=技术美术)]), Emp(id=null, name=苏柯累, username=sukelei, gender=1, avatar=9.jpg, dept=喵喵部, job=喵喵技术美术, entryDate=2026-10-08, updateTime=2026-10-08T15:07:47, exprList=[Expr(id=null, company=影视飓风, begin=2024-09-07, end=2025-11-03, job=视频剪辑师)]), Emp(id=null, name=岚风, username=lanfeng, gender=1, avatar=10.jpg, dept=教研部, job=喵喵配音师, entryDate=2026-10-08, updateTime=2026-10-08T15:07:47, exprList=[]), Emp(id=null, name=喵喵, username=miaomiao, gender=2, avatar=11.jpg, dept=null, job=null, entryDate=2026-10-08, updateTime=2026-10-08T16:27:57, exprList=[])]))
2026-23-08 23:18:01 [http-nio-8080-exec-8] INFO  com.wudd.controller.EmpController - 查询员工列表请求
2026-23-08 23:18:01 [http-nio-8080-exec-8] INFO  com.wudd.aspect.ControllerLogAspect - 总结该次操作 请求调用：com.wudd.controller.EmpController.queryEmpList(searchInfo=SearchInfo(name=王, gender=null, job=, begin=null, end=null)) 执行耗时：93ms  |方法返回：Result(code=1, msg=success, data=SearchResult(total=4, empList=[]))
2026-23-08 23:18:27 [http-nio-8080-exec-9] INFO  com.wudd.controller.EmpController - 查询员工列表请求
2026-23-08 23:18:27 [http-nio-8080-exec-9] INFO  com.wudd.aspect.ControllerLogAspect - 总结该次操作 请求调用：com.wudd.controller.EmpController.queryEmpList(searchInfo=SearchInfo(name=王, gender=null, job=, begin=null, end=null)) 执行耗时：6ms  |方法返回：Result(code=1, msg=success, data=SearchResult(total=4, empList=[]))
2026-23-08 23:20:03 [SpringApplicationShutdownHook] INFO  org.springframework.boot.tomcat.GracefulShutdown - Commencing graceful shutdown. Waiting for active requests to complete
2026-23-08 23:20:03 [tomcat-shutdown] INFO  org.springframework.boot.tomcat.GracefulShutdown - Graceful shutdown complete
2026-23-08 23:20:03 [SpringApplicationShutdownHook] INFO  com.zaxxer.hikari.HikariDataSource - HikariPool-1 - Shutdown initiated...
2026-23-08 23:20:03 [SpringApplicationShutdownHook] INFO  com.zaxxer.hikari.HikariDataSource - HikariPool-1 - Shutdown completed.
2026-23-08 23:20:05 [main] INFO  com.wudd.TliasServerApplication - Starting TliasServerApplication using Java 21.0.12 with PID 3904 (D:\10_Code\complete-project\Complete-Tlias\tlias-server\target\classes started by wudd in D:\10_Code\complete-project\Complete-Tlias\tlias-server)
2026-23-08 23:20:05 [main] DEBUG com.wudd.TliasServerApplication - Running with Spring Boot v4.0.8, Spring v7.0.9
2026-23-08 23:20:05 [main] INFO  com.wudd.TliasServerApplication - No active profile set, falling back to 1 default profile: "default"
2026-23-08 23:20:06 [main] INFO  org.springframework.boot.tomcat.TomcatWebServer - Tomcat initialized with port 8080 (http)
2026-23-08 23:20:06 [main] INFO  org.apache.coyote.http11.Http11NioProtocol - Initializing ProtocolHandler ["http-nio-8080"]
2026-23-08 23:20:06 [main] INFO  org.apache.catalina.core.StandardService - Starting service [Tomcat]
2026-23-08 23:20:06 [main] INFO  org.apache.catalina.core.StandardEngine - Starting Servlet engine: [Apache Tomcat/11.0.24]
2026-23-08 23:20:06 [main] INFO  o.s.b.w.c.servlet.WebApplicationContextInitializer - Root WebApplicationContext: initialization completed in 609 ms
2026-23-08 23:20:07 [main] INFO  org.apache.coyote.http11.Http11NioProtocol - Starting ProtocolHandler ["http-nio-8080"]
2026-23-08 23:20:07 [main] INFO  org.springframework.boot.tomcat.TomcatWebServer - Tomcat started on port 8080 (http) with context path '/'
2026-23-08 23:20:07 [main] INFO  com.wudd.TliasServerApplication - Started TliasServerApplication in 1.5 seconds (process running for 1.935)
2026-23-08 23:20:12 [http-nio-8080-exec-1] INFO  o.a.c.core.ContainerBase.[Tomcat].[localhost].[/] - Initializing Spring DispatcherServlet 'dispatcherServlet'
2026-23-08 23:20:12 [http-nio-8080-exec-1] INFO  org.springframework.web.servlet.DispatcherServlet - Initializing Servlet 'dispatcherServlet'
2026-23-08 23:20:12 [http-nio-8080-exec-1] INFO  org.springframework.web.servlet.DispatcherServlet - Completed initialization in 0 ms
2026-23-08 23:20:12 [http-nio-8080-exec-1] INFO  com.wudd.controller.EmpController - 查询员工列表请求
2026-23-08 23:20:12 [http-nio-8080-exec-1] INFO  com.zaxxer.hikari.HikariDataSource - HikariPool-1 - Starting...
2026-23-08 23:20:12 [http-nio-8080-exec-1] INFO  com.zaxxer.hikari.pool.HikariPool - HikariPool-1 - Added connection com.mysql.cj.jdbc.ConnectionImpl@15f43f92
2026-23-08 23:20:12 [http-nio-8080-exec-1] INFO  com.zaxxer.hikari.HikariDataSource - HikariPool-1 - Start completed.
2026-23-08 23:20:12 [http-nio-8080-exec-1] INFO  com.wudd.aspect.ControllerLogAspect - 总结该次操作 请求调用：com.wudd.controller.EmpController.queryEmpList(searchInfo=SearchInfo(name=王, gender=null, job=, begin=null, end=null)) 执行耗时：400ms  |方法返回：Result(code=1, msg=success, data=SearchResult(total=4, empList=[Emp(id=null, name=王吉意, username=wangjiyi, gender=1, avatar=1.jpg, dept=教研部, job=讲师, entryDate=2026-10-08, updateTime=2026-10-08T15:07:47, exprList=[Expr(id=null, company=百度, begin=2021-09-07, end=2022-11-03, job=java开发工程师)]), Emp(id=null, name=王洋洋, username=wangyangyang, gender=1, avatar=2.jpg, dept=就业部, job=业务咨询, entryDate=2026-10-08, updateTime=2026-10-08T15:07:47, exprList=[Expr(id=null, company=字节, begin=2011-09-07, end=2017-11-03, job=游戏策划)]), Emp(id=null, name=王老吉, username=wanglaoji, gender=1, avatar=4.jpg, dept=教研部, job=教学主管, entryDate=2026-10-08, updateTime=2026-10-08T15:07:47, exprList=[Expr(id=null, company=高德, begin=2011-09-07, end=2022-01-03, job=测试工程师)]), Emp(id=null, name=王老吉, username=wanglaoji, gender=1, avatar=4.jpg, dept=教研部, job=教学主管, entryDate=2026-10-08, updateTime=2026-10-08T15:07:47, exprList=[Expr(id=null, company=腾讯, begin=2021-09-27, end=2022-12-03, job=王者荣耀活动策划)]), Emp(id=null, name=盘王浩, username=pangwanghao, gender=1, avatar=7.jpg, dept=无忧部, job=时间管理师, entryDate=2026-10-08, updateTime=2026-10-08T15:07:47, exprList=[Expr(id=null, company=咸鱼, begin=2019-09-07, end=2022-11-03, job=客服)])]))
2026-23-08 23:20:21 [http-nio-8080-exec-3] INFO  com.wudd.controller.EmpController - 查询员工列表请求
2026-23-08 23:20:21 [http-nio-8080-exec-3] INFO  com.wudd.aspect.ControllerLogAspect - 总结该次操作 请求调用：com.wudd.controller.EmpController.queryEmpList(searchInfo=SearchInfo(name=, gender=null, job=, begin=null, end=null)) 执行耗时：11ms  |方法返回：Result(code=1, msg=success, data=SearchResult(total=11, empList=[Emp(id=null, name=王吉意, username=wangjiyi, gender=1, avatar=1.jpg, dept=教研部, job=讲师, entryDate=2026-10-08, updateTime=2026-10-08T15:07:47, exprList=[Expr(id=null, company=百度, begin=2021-09-07, end=2022-11-03, job=java开发工程师)]), Emp(id=null, name=王洋洋, username=wangyangyang, gender=1, avatar=2.jpg, dept=就业部, job=业务咨询, entryDate=2026-10-08, updateTime=2026-10-08T15:07:47, exprList=[Expr(id=null, company=字节, begin=2011-09-07, end=2017-11-03, job=游戏策划)]), Emp(id=null, name=孙境静, username=sunjingjin, gender=2, avatar=3.jpg, dept=咨询部, job=活动策划, entryDate=2026-10-08, updateTime=2026-10-08T15:07:47, exprList=[Expr(id=null, company=阿里, begin=2020-09-07, end=2021-11-03, job=云存储工程师)]), Emp(id=null, name=王老吉, username=wanglaoji, gender=1, avatar=4.jpg, dept=教研部, job=教学主管, entryDate=2026-10-08, updateTime=2026-10-08T15:07:47, exprList=[Expr(id=null, company=高德, begin=2011-09-07, end=2022-01-03, job=测试工程师)]), Emp(id=null, name=王老吉, username=wanglaoji, gender=1, avatar=4.jpg, dept=教研部, job=教学主管, entryDate=2026-10-08, updateTime=2026-10-08T15:07:47, exprList=[Expr(id=null, company=腾讯, begin=2021-09-27, end=2022-12-03, job=王者荣耀活动策划)]), Emp(id=null, name=意林天, username=yilingtian, gender=1, avatar=5.jpg, dept=教研部, job=心里咨询师, entryDate=2026-10-08, updateTime=2026-10-08T15:07:47, exprList=[Expr(id=null, company=淘宝, begin=2015-09-07, end=2022-11-03, job=货源审核师)]), Emp(id=null, name=刘雅雯, username=niuyawen, gender=2, avatar=6.jpg, dept=咨询部, job=喵喵配音师, entryDate=2026-10-08, updateTime=2026-10-08T15:07:47, exprList=[Expr(id=null, company=拼多多, begin=2017-09-07, end=2022-11-03, job=活动策划)]), Emp(id=null, name=盘王浩, username=pangwanghao, gender=1, avatar=7.jpg, dept=无忧部, job=时间管理师, entryDate=2026-10-08, updateTime=2026-10-08T15:07:47, exprList=[Expr(id=null, company=咸鱼, begin=2019-09-07, end=2022-11-03, job=客服)]), Emp(id=null, name=赖兵则, username=laibingze, gender=1, avatar=8.jpg, dept=无忧部, job=时间管理师, entryDate=2026-10-08, updateTime=2026-10-08T15:07:47, exprList=[Expr(id=null, company=微软, begin=2018-09-07, end=2022-11-03, job=软件开发工程师)]), Emp(id=null, name=苏柯累, username=sukelei, gender=1, avatar=9.jpg, dept=喵喵部, job=喵喵技术美术, entryDate=2026-10-08, updateTime=2026-10-08T15:07:47, exprList=[Expr(id=null, company=雀巢, begin=2025-09-07, end=2026-08-03, job=技术美术)]), Emp(id=null, name=苏柯累, username=sukelei, gender=1, avatar=9.jpg, dept=喵喵部, job=喵喵技术美术, entryDate=2026-10-08, updateTime=2026-10-08T15:07:47, exprList=[Expr(id=null, company=影视飓风, begin=2024-09-07, end=2025-11-03, job=视频剪辑师)]), Emp(id=null, name=岚风, username=lanfeng, gender=1, avatar=10.jpg, dept=教研部, job=喵喵配音师, entryDate=2026-10-08, updateTime=2026-10-08T15:07:47, exprList=[]), Emp(id=null, name=喵喵, username=miaomiao, gender=2, avatar=11.jpg, dept=null, job=null, entryDate=2026-10-08, updateTime=2026-10-08T16:27:57, exprList=[])]))
2026-23-08 23:21:37 [http-nio-8080-exec-2] INFO  com.wudd.controller.EmpController - 查询员工列表请求
2026-23-08 23:21:37 [http-nio-8080-exec-2] ERROR com.wudd.exception.GlobalExceptionHandler - 全局异常处理器-拦截到异常：
org.springframework.jdbc.BadSqlGrammarException: 
### Error querying database.  Cause: java.sql.SQLSyntaxErrorException: You have an error in your SQL syntax; check the manual that corresponds to your MySQL server version for the right syntax to use near '== 2' at line 4
### The error may exist in com/wudd/mapper/EmpMapper.xml
### The error may involve defaultParameterMap
### The error occurred while setting parameters
### SQL: select count(*) from emp e             left join dept d on e.dept_id=d.id             left join job j on e.job_id=j.id              WHERE  e.gender == ?
### Cause: java.sql.SQLSyntaxErrorException: You have an error in your SQL syntax; check the manual that corresponds to your MySQL server version for the right syntax to use near '== 2' at line 4
; bad SQL grammar []
	at org.springframework.jdbc.support.SQLErrorCodeSQLExceptionTranslator.doTranslate(SQLErrorCodeSQLExceptionTranslator.java:244)
	at org.springframework.jdbc.support.AbstractFallbackSQLExceptionTranslator.translate(AbstractFallbackSQLExceptionTranslator.java:102)
	at org.mybatis.spring.MyBatisExceptionTranslator.translateExceptionIfPossible(MyBatisExceptionTranslator.java:95)
	at org.mybatis.spring.SqlSessionTemplate$SqlSessionInterceptor.invoke(SqlSessionTemplate.java:362)
	at jdk.proxy2/jdk.proxy2.$Proxy75.selectOne(Unknown Source)
	at org.mybatis.spring.SqlSessionTemplate.selectOne(SqlSessionTemplate.java:169)
	at org.apache.ibatis.binding.MapperMethod.execute(MapperMethod.java:87)
	at org.apache.ibatis.binding.MapperProxy$PlainMethodInvoker.invoke(MapperProxy.java:141)
	at org.apache.ibatis.binding.MapperProxy.invoke(MapperProxy.java:86)
	at jdk.proxy2/jdk.proxy2.$Proxy82.queryEmpCount(Unknown Source)
	at com.wudd.server.impl.EmpServerImpl.queryEmpList(EmpServerImpl.java:21)
	at com.wudd.controller.EmpController.queryEmpList(EmpController.java:26)
	at java.base/jdk.internal.reflect.DirectMethodHandleAccessor.invoke(DirectMethodHandleAccessor.java:103)
	at java.base/java.lang.reflect.Method.invoke(Method.java:580)
	at org.springframework.aop.support.AopUtils.invokeJoinpointUsingReflection(AopUtils.java:359)
	at org.springframework.aop.framework.ReflectiveMethodInvocation.invokeJoinpoint(ReflectiveMethodInvocation.java:190)
	at org.springframework.aop.framework.ReflectiveMethodInvocation.proceed(ReflectiveMethodInvocation.java:158)
	at org.springframework.aop.aspectj.MethodInvocationProceedingJoinPoint.proceed(MethodInvocationProceedingJoinPoint.java:82)
	at com.wudd.aspect.ControllerLogAspect.controllerLogAspect(ControllerLogAspect.java:28)
	at java.base/jdk.internal.reflect.DirectMethodHandleAccessor.invoke(DirectMethodHandleAccessor.java:103)
	at java.base/java.lang.reflect.Method.invoke(Method.java:580)
	at org.springframework.aop.aspectj.AbstractAspectJAdvice.invokeAdviceMethodWithGivenArgs(AbstractAspectJAdvice.java:648)
	at org.springframework.aop.aspectj.AbstractAspectJAdvice.invokeAdviceMethod(AbstractAspectJAdvice.java:630)
	at org.springframework.aop.aspectj.AspectJAroundAdvice.invoke(AspectJAroundAdvice.java:70)
	at org.springframework.aop.framework.ReflectiveMethodInvocation.proceed(ReflectiveMethodInvocation.java:179)
	at org.springframework.aop.interceptor.ExposeInvocationInterceptor.invoke(ExposeInvocationInterceptor.java:96)
	at org.springframework.aop.framework.ReflectiveMethodInvocation.proceed(ReflectiveMethodInvocation.java:179)
	at org.springframework.aop.framework.CglibAopProxy$DynamicAdvisedInterceptor.intercept(CglibAopProxy.java:719)
	at com.wudd.controller.EmpController$$SpringCGLIB$$0.queryEmpList(<generated>)
	at java.base/jdk.internal.reflect.DirectMethodHandleAccessor.invoke(DirectMethodHandleAccessor.java:103)
	at java.base/java.lang.reflect.Method.invoke(Method.java:580)
	at org.springframework.web.method.support.InvocableHandlerMethod.doInvoke(InvocableHandlerMethod.java:252)
	at org.springframework.web.method.support.InvocableHandlerMethod.invokeForRequest(InvocableHandlerMethod.java:184)
	at org.springframework.web.servlet.mvc.method.annotation.ServletInvocableHandlerMethod.invokeAndHandle(ServletInvocableHandlerMethod.java:117)
	at org.springframework.web.servlet.mvc.method.annotation.RequestMappingHandlerAdapter.invokeHandlerMethod(RequestMappingHandlerAdapter.java:934)
	at org.springframework.web.servlet.mvc.method.annotation.RequestMappingHandlerAdapter.handleInternal(RequestMappingHandlerAdapter.java:853)
	at org.springframework.web.servlet.mvc.method.AbstractHandlerMethodAdapter.handle(AbstractHandlerMethodAdapter.java:86)
	at org.springframework.web.servlet.DispatcherServlet.doDispatch(DispatcherServlet.java:963)
	at org.springframework.web.servlet.DispatcherServlet.doService(DispatcherServlet.java:866)
	at org.springframework.web.servlet.FrameworkServlet.processRequest(FrameworkServlet.java:1000)
	at org.springframework.web.servlet.FrameworkServlet.doGet(FrameworkServlet.java:892)
	at jakarta.servlet.http.HttpServlet.service(HttpServlet.java:622)
	at org.springframework.web.servlet.FrameworkServlet.service(FrameworkServlet.java:874)
	at jakarta.servlet.http.HttpServlet.service(HttpServlet.java:710)
	at org.apache.catalina.core.ApplicationFilterChain.doFilter(ApplicationFilterChain.java:132)
	at org.apache.tomcat.websocket.server.WsFilter.doFilter(WsFilter.java:59)
	at org.apache.catalina.core.ApplicationFilterChain.doFilter(ApplicationFilterChain.java:111)
	at org.springframework.web.filter.RequestContextFilter.doFilterInternal(RequestContextFilter.java:100)
	at org.springframework.web.filter.OncePerRequestFilter.doFilter(OncePerRequestFilter.java:116)
	at org.apache.catalina.core.ApplicationFilterChain.doFilter(ApplicationFilterChain.java:111)
	at org.springframework.web.filter.FormContentFilter.doFilterInternal(FormContentFilter.java:93)
	at org.springframework.web.filter.OncePerRequestFilter.doFilter(OncePerRequestFilter.java:116)
	at org.apache.catalina.core.ApplicationFilterChain.doFilter(ApplicationFilterChain.java:111)
	at org.springframework.web.filter.CharacterEncodingFilter.doFilterInternal(CharacterEncodingFilter.java:199)
	at org.springframework.web.filter.OncePerRequestFilter.doFilter(OncePerRequestFilter.java:116)
	at org.apache.catalina.core.ApplicationFilterChain.doFilter(ApplicationFilterChain.java:111)
	at org.apache.catalina.core.StandardWrapperValve.invoke(StandardWrapperValve.java:165)
	at org.apache.catalina.core.StandardContextValve.invoke(StandardContextValve.java:77)
	at org.apache.catalina.authenticator.AuthenticatorBase.invoke(AuthenticatorBase.java:535)
	at org.apache.catalina.core.StandardHostValve.invoke(StandardHostValve.java:115)
	at org.apache.catalina.valves.ErrorReportValve.invoke(ErrorReportValve.java:86)
	at org.apache.catalina.core.StandardEngineValve.invoke(StandardEngineValve.java:71)
	at org.apache.catalina.connector.CoyoteAdapter.service(CoyoteAdapter.java:347)
	at org.apache.coyote.http11.Http11Processor.service(Http11Processor.java:406)
	at org.apache.coyote.AbstractProcessorLight.process(AbstractProcessorLight.java:71)
	at org.apache.coyote.AbstractProtocol$ConnectionHandler.process(AbstractProtocol.java:1307)
	at org.apache.tomcat.util.net.NioEndpoint$SocketProcessor.doRun(NioEndpoint.java:2036)
	at org.apache.tomcat.util.net.SocketProcessorBase.run(SocketProcessorBase.java:74)
	at org.apache.tomcat.util.threads.ThreadPoolExecutor.runWorker(ThreadPoolExecutor.java:949)
	at org.apache.tomcat.util.threads.ThreadPoolExecutor$Worker.run(ThreadPoolExecutor.java:483)
	at org.apache.tomcat.util.threads.TaskThread$WrappingRunnable.run(TaskThread.java:74)
	at java.base/java.lang.Thread.run(Thread.java:1583)
Caused by: java.sql.SQLSyntaxErrorException: You have an error in your SQL syntax; check the manual that corresponds to your MySQL server version for the right syntax to use near '== 2' at line 4
	at com.mysql.cj.jdbc.exceptions.SQLError.createSQLException(SQLError.java:112)
	at com.mysql.cj.jdbc.exceptions.SQLExceptionsMapping.translateException(SQLExceptionsMapping.java:114)
	at com.mysql.cj.jdbc.ClientPreparedStatement.executeInternal(ClientPreparedStatement.java:988)
	at com.mysql.cj.jdbc.ClientPreparedStatement.execute(ClientPreparedStatement.java:383)
	at com.zaxxer.hikari.pool.ProxyPreparedStatement.execute(ProxyPreparedStatement.java:44)
	at com.zaxxer.hikari.pool.HikariProxyPreparedStatement.execute(HikariProxyPreparedStatement.java)
	at java.base/jdk.internal.reflect.DirectMethodHandleAccessor.invoke(DirectMethodHandleAccessor.java:103)
	at java.base/java.lang.reflect.Method.invoke(Method.java:580)
	at org.apache.ibatis.logging.jdbc.PreparedStatementLogger.invoke(PreparedStatementLogger.java:58)
	at jdk.proxy3/jdk.proxy3.$Proxy89.execute(Unknown Source)
	at org.apache.ibatis.executor.statement.PreparedStatementHandler.query(PreparedStatementHandler.java:65)
	at org.apache.ibatis.executor.statement.RoutingStatementHandler.query(RoutingStatementHandler.java:80)
	at org.apache.ibatis.executor.SimpleExecutor.doQuery(SimpleExecutor.java:65)
	at org.apache.ibatis.executor.BaseExecutor.queryFromDatabase(BaseExecutor.java:336)
	at org.apache.ibatis.executor.BaseExecutor.query(BaseExecutor.java:158)
	at org.apache.ibatis.executor.CachingExecutor.query(CachingExecutor.java:110)
	at org.apache.ibatis.executor.CachingExecutor.query(CachingExecutor.java:90)
	at org.apache.ibatis.session.defaults.DefaultSqlSession.selectList(DefaultSqlSession.java:154)
	at org.apache.ibatis.session.defaults.DefaultSqlSession.selectList(DefaultSqlSession.java:147)
	at org.apache.ibatis.session.defaults.DefaultSqlSession.selectList(DefaultSqlSession.java:142)
	at org.apache.ibatis.session.defaults.DefaultSqlSession.selectOne(DefaultSqlSession.java:75)
	at java.base/jdk.internal.reflect.DirectMethodHandleAccessor.invoke(DirectMethodHandleAccessor.java:103)
	at java.base/java.lang.reflect.Method.invoke(Method.java:580)
	at org.mybatis.spring.SqlSessionTemplate$SqlSessionInterceptor.invoke(SqlSessionTemplate.java:348)
	... 68 common frames omitted
2026-23-08 23:22:13 [SpringApplicationShutdownHook] INFO  org.springframework.boot.tomcat.GracefulShutdown - Commencing graceful shutdown. Waiting for active requests to complete
2026-23-08 23:22:13 [tomcat-shutdown] INFO  org.springframework.boot.tomcat.GracefulShutdown - Graceful shutdown complete
2026-23-08 23:22:13 [SpringApplicationShutdownHook] INFO  com.zaxxer.hikari.HikariDataSource - HikariPool-1 - Shutdown initiated...
2026-23-08 23:22:13 [SpringApplicationShutdownHook] INFO  com.zaxxer.hikari.HikariDataSource - HikariPool-1 - Shutdown completed.
2026-23-08 23:22:15 [main] INFO  com.wudd.TliasServerApplication - Starting TliasServerApplication using Java 21.0.12 with PID 19692 (D:\10_Code\complete-project\Complete-Tlias\tlias-server\target\classes started by wudd in D:\10_Code\complete-project\Complete-Tlias\tlias-server)
2026-23-08 23:22:15 [main] DEBUG com.wudd.TliasServerApplication - Running with Spring Boot v4.0.8, Spring v7.0.9
2026-23-08 23:22:15 [main] INFO  com.wudd.TliasServerApplication - No active profile set, falling back to 1 default profile: "default"
2026-23-08 23:22:16 [main] INFO  org.springframework.boot.tomcat.TomcatWebServer - Tomcat initialized with port 8080 (http)
2026-23-08 23:22:16 [main] INFO  org.apache.coyote.http11.Http11NioProtocol - Initializing ProtocolHandler ["http-nio-8080"]
2026-23-08 23:22:16 [main] INFO  org.apache.catalina.core.StandardService - Starting service [Tomcat]
2026-23-08 23:22:16 [main] INFO  org.apache.catalina.core.StandardEngine - Starting Servlet engine: [Apache Tomcat/11.0.24]
2026-23-08 23:22:16 [main] INFO  o.s.b.w.c.servlet.WebApplicationContextInitializer - Root WebApplicationContext: initialization completed in 570 ms
2026-23-08 23:22:16 [main] INFO  org.apache.coyote.http11.Http11NioProtocol - Starting ProtocolHandler ["http-nio-8080"]
2026-23-08 23:22:16 [main] INFO  org.springframework.boot.tomcat.TomcatWebServer - Tomcat started on port 8080 (http) with context path '/'
2026-23-08 23:22:16 [main] INFO  com.wudd.TliasServerApplication - Started TliasServerApplication in 1.328 seconds (process running for 1.745)
2026-23-08 23:22:24 [http-nio-8080-exec-1] INFO  o.a.c.core.ContainerBase.[Tomcat].[localhost].[/] - Initializing Spring DispatcherServlet 'dispatcherServlet'
2026-23-08 23:22:24 [http-nio-8080-exec-1] INFO  org.springframework.web.servlet.DispatcherServlet - Initializing Servlet 'dispatcherServlet'
2026-23-08 23:22:24 [http-nio-8080-exec-1] INFO  org.springframework.web.servlet.DispatcherServlet - Completed initialization in 0 ms
2026-23-08 23:22:24 [http-nio-8080-exec-1] INFO  com.wudd.controller.EmpController - 查询员工列表请求
2026-23-08 23:22:24 [http-nio-8080-exec-1] INFO  com.zaxxer.hikari.HikariDataSource - HikariPool-1 - Starting...
2026-23-08 23:22:24 [http-nio-8080-exec-1] INFO  com.zaxxer.hikari.pool.HikariPool - HikariPool-1 - Added connection com.mysql.cj.jdbc.ConnectionImpl@bf7860d
2026-23-08 23:22:24 [http-nio-8080-exec-1] INFO  com.zaxxer.hikari.HikariDataSource - HikariPool-1 - Start completed.
2026-23-08 23:22:24 [http-nio-8080-exec-1] ERROR com.wudd.exception.GlobalExceptionHandler - 全局异常处理器-拦截到异常：
org.springframework.jdbc.BadSqlGrammarException: 
### Error querying database.  Cause: java.sql.SQLSyntaxErrorException: You have an error in your SQL syntax; check the manual that corresponds to your MySQL server version for the right syntax to use near '== 2' at line 9
### The error may exist in com/wudd/mapper/EmpMapper.xml
### The error may involve defaultParameterMap
### The error occurred while setting parameters
### SQL: select e.id, e.name as emp_name, e.username, e.gender, e.avatar, e.entry_date, e.update_time,                d.name as dept_name,                j.name as emp_job,                ex.company, ex.job as expr_job, ex.begin, ex.end         from emp e         left join dept d on e.dept_id=d.id         left join job j on e.job_id=j.id         left join expr ex on e.id=ex.emp_id          WHERE  e.gender == ?
### Cause: java.sql.SQLSyntaxErrorException: You have an error in your SQL syntax; check the manual that corresponds to your MySQL server version for the right syntax to use near '== 2' at line 9
; bad SQL grammar []
	at org.springframework.jdbc.support.SQLErrorCodeSQLExceptionTranslator.doTranslate(SQLErrorCodeSQLExceptionTranslator.java:244)
	at org.springframework.jdbc.support.AbstractFallbackSQLExceptionTranslator.translate(AbstractFallbackSQLExceptionTranslator.java:102)
	at org.mybatis.spring.MyBatisExceptionTranslator.translateExceptionIfPossible(MyBatisExceptionTranslator.java:95)
	at org.mybatis.spring.SqlSessionTemplate$SqlSessionInterceptor.invoke(SqlSessionTemplate.java:362)
	at jdk.proxy2/jdk.proxy2.$Proxy75.selectList(Unknown Source)
	at org.mybatis.spring.SqlSessionTemplate.selectList(SqlSessionTemplate.java:209)
	at org.apache.ibatis.binding.MapperMethod.executeForMany(MapperMethod.java:147)
	at org.apache.ibatis.binding.MapperMethod.execute(MapperMethod.java:80)
	at org.apache.ibatis.binding.MapperProxy$PlainMethodInvoker.invoke(MapperProxy.java:141)
	at org.apache.ibatis.binding.MapperProxy.invoke(MapperProxy.java:86)
	at jdk.proxy2/jdk.proxy2.$Proxy82.queryEmpList(Unknown Source)
	at com.wudd.server.impl.EmpServerImpl.queryEmpList(EmpServerImpl.java:24)
	at com.wudd.controller.EmpController.queryEmpList(EmpController.java:26)
	at java.base/jdk.internal.reflect.DirectMethodHandleAccessor.invoke(DirectMethodHandleAccessor.java:103)
	at java.base/java.lang.reflect.Method.invoke(Method.java:580)
	at org.springframework.aop.support.AopUtils.invokeJoinpointUsingReflection(AopUtils.java:359)
	at org.springframework.aop.framework.ReflectiveMethodInvocation.invokeJoinpoint(ReflectiveMethodInvocation.java:190)
	at org.springframework.aop.framework.ReflectiveMethodInvocation.proceed(ReflectiveMethodInvocation.java:158)
	at org.springframework.aop.aspectj.MethodInvocationProceedingJoinPoint.proceed(MethodInvocationProceedingJoinPoint.java:82)
	at com.wudd.aspect.ControllerLogAspect.controllerLogAspect(ControllerLogAspect.java:28)
	at java.base/jdk.internal.reflect.DirectMethodHandleAccessor.invoke(DirectMethodHandleAccessor.java:103)
	at java.base/java.lang.reflect.Method.invoke(Method.java:580)
	at org.springframework.aop.aspectj.AbstractAspectJAdvice.invokeAdviceMethodWithGivenArgs(AbstractAspectJAdvice.java:648)
	at org.springframework.aop.aspectj.AbstractAspectJAdvice.invokeAdviceMethod(AbstractAspectJAdvice.java:630)
	at org.springframework.aop.aspectj.AspectJAroundAdvice.invoke(AspectJAroundAdvice.java:70)
	at org.springframework.aop.framework.ReflectiveMethodInvocation.proceed(ReflectiveMethodInvocation.java:179)
	at org.springframework.aop.interceptor.ExposeInvocationInterceptor.invoke(ExposeInvocationInterceptor.java:96)
	at org.springframework.aop.framework.ReflectiveMethodInvocation.proceed(ReflectiveMethodInvocation.java:179)
	at org.springframework.aop.framework.CglibAopProxy$DynamicAdvisedInterceptor.intercept(CglibAopProxy.java:719)
	at com.wudd.controller.EmpController$$SpringCGLIB$$0.queryEmpList(<generated>)
	at java.base/jdk.internal.reflect.DirectMethodHandleAccessor.invoke(DirectMethodHandleAccessor.java:103)
	at java.base/java.lang.reflect.Method.invoke(Method.java:580)
	at org.springframework.web.method.support.InvocableHandlerMethod.doInvoke(InvocableHandlerMethod.java:252)
	at org.springframework.web.method.support.InvocableHandlerMethod.invokeForRequest(InvocableHandlerMethod.java:184)
	at org.springframework.web.servlet.mvc.method.annotation.ServletInvocableHandlerMethod.invokeAndHandle(ServletInvocableHandlerMethod.java:117)
	at org.springframework.web.servlet.mvc.method.annotation.RequestMappingHandlerAdapter.invokeHandlerMethod(RequestMappingHandlerAdapter.java:934)
	at org.springframework.web.servlet.mvc.method.annotation.RequestMappingHandlerAdapter.handleInternal(RequestMappingHandlerAdapter.java:853)
	at org.springframework.web.servlet.mvc.method.AbstractHandlerMethodAdapter.handle(AbstractHandlerMethodAdapter.java:86)
	at org.springframework.web.servlet.DispatcherServlet.doDispatch(DispatcherServlet.java:963)
	at org.springframework.web.servlet.DispatcherServlet.doService(DispatcherServlet.java:866)
	at org.springframework.web.servlet.FrameworkServlet.processRequest(FrameworkServlet.java:1000)
	at org.springframework.web.servlet.FrameworkServlet.doGet(FrameworkServlet.java:892)
	at jakarta.servlet.http.HttpServlet.service(HttpServlet.java:622)
	at org.springframework.web.servlet.FrameworkServlet.service(FrameworkServlet.java:874)
	at jakarta.servlet.http.HttpServlet.service(HttpServlet.java:710)
	at org.apache.catalina.core.ApplicationFilterChain.doFilter(ApplicationFilterChain.java:132)
	at org.apache.tomcat.websocket.server.WsFilter.doFilter(WsFilter.java:59)
	at org.apache.catalina.core.ApplicationFilterChain.doFilter(ApplicationFilterChain.java:111)
	at org.springframework.web.filter.RequestContextFilter.doFilterInternal(RequestContextFilter.java:100)
	at org.springframework.web.filter.OncePerRequestFilter.doFilter(OncePerRequestFilter.java:116)
	at org.apache.catalina.core.ApplicationFilterChain.doFilter(ApplicationFilterChain.java:111)
	at org.springframework.web.filter.FormContentFilter.doFilterInternal(FormContentFilter.java:93)
	at org.springframework.web.filter.OncePerRequestFilter.doFilter(OncePerRequestFilter.java:116)
	at org.apache.catalina.core.ApplicationFilterChain.doFilter(ApplicationFilterChain.java:111)
	at org.springframework.web.filter.CharacterEncodingFilter.doFilterInternal(CharacterEncodingFilter.java:199)
	at org.springframework.web.filter.OncePerRequestFilter.doFilter(OncePerRequestFilter.java:116)
	at org.apache.catalina.core.ApplicationFilterChain.doFilter(ApplicationFilterChain.java:111)
	at org.apache.catalina.core.StandardWrapperValve.invoke(StandardWrapperValve.java:165)
	at org.apache.catalina.core.StandardContextValve.invoke(StandardContextValve.java:77)
	at org.apache.catalina.authenticator.AuthenticatorBase.invoke(AuthenticatorBase.java:535)
	at org.apache.catalina.core.StandardHostValve.invoke(StandardHostValve.java:115)
	at org.apache.catalina.valves.ErrorReportValve.invoke(ErrorReportValve.java:86)
	at org.apache.catalina.core.StandardEngineValve.invoke(StandardEngineValve.java:71)
	at org.apache.catalina.connector.CoyoteAdapter.service(CoyoteAdapter.java:347)
	at org.apache.coyote.http11.Http11Processor.service(Http11Processor.java:406)
	at org.apache.coyote.AbstractProcessorLight.process(AbstractProcessorLight.java:71)
	at org.apache.coyote.AbstractProtocol$ConnectionHandler.process(AbstractProtocol.java:1307)
	at org.apache.tomcat.util.net.NioEndpoint$SocketProcessor.doRun(NioEndpoint.java:2036)
	at org.apache.tomcat.util.net.SocketProcessorBase.run(SocketProcessorBase.java:74)
	at org.apache.tomcat.util.threads.ThreadPoolExecutor.runWorker(ThreadPoolExecutor.java:949)
	at org.apache.tomcat.util.threads.ThreadPoolExecutor$Worker.run(ThreadPoolExecutor.java:483)
	at org.apache.tomcat.util.threads.TaskThread$WrappingRunnable.run(TaskThread.java:74)
	at java.base/java.lang.Thread.run(Thread.java:1583)
Caused by: java.sql.SQLSyntaxErrorException: You have an error in your SQL syntax; check the manual that corresponds to your MySQL server version for the right syntax to use near '== 2' at line 9
	at com.mysql.cj.jdbc.exceptions.SQLError.createSQLException(SQLError.java:112)
	at com.mysql.cj.jdbc.exceptions.SQLExceptionsMapping.translateException(SQLExceptionsMapping.java:114)
	at com.mysql.cj.jdbc.ClientPreparedStatement.executeInternal(ClientPreparedStatement.java:988)
	at com.mysql.cj.jdbc.ClientPreparedStatement.execute(ClientPreparedStatement.java:383)
	at com.zaxxer.hikari.pool.ProxyPreparedStatement.execute(ProxyPreparedStatement.java:44)
	at com.zaxxer.hikari.pool.HikariProxyPreparedStatement.execute(HikariProxyPreparedStatement.java)
	at java.base/jdk.internal.reflect.DirectMethodHandleAccessor.invoke(DirectMethodHandleAccessor.java:103)
	at java.base/java.lang.reflect.Method.invoke(Method.java:580)
	at org.apache.ibatis.logging.jdbc.PreparedStatementLogger.invoke(PreparedStatementLogger.java:58)
	at jdk.proxy3/jdk.proxy3.$Proxy89.execute(Unknown Source)
	at org.apache.ibatis.executor.statement.PreparedStatementHandler.query(PreparedStatementHandler.java:65)
	at org.apache.ibatis.executor.statement.RoutingStatementHandler.query(RoutingStatementHandler.java:80)
	at org.apache.ibatis.executor.SimpleExecutor.doQuery(SimpleExecutor.java:65)
	at org.apache.ibatis.executor.BaseExecutor.queryFromDatabase(BaseExecutor.java:336)
	at org.apache.ibatis.executor.BaseExecutor.query(BaseExecutor.java:158)
	at org.apache.ibatis.executor.CachingExecutor.query(CachingExecutor.java:110)
	at org.apache.ibatis.executor.CachingExecutor.query(CachingExecutor.java:90)
	at org.apache.ibatis.session.defaults.DefaultSqlSession.selectList(DefaultSqlSession.java:154)
	at org.apache.ibatis.session.defaults.DefaultSqlSession.selectList(DefaultSqlSession.java:147)
	at org.apache.ibatis.session.defaults.DefaultSqlSession.selectList(DefaultSqlSession.java:142)
	at java.base/jdk.internal.reflect.DirectMethodHandleAccessor.invoke(DirectMethodHandleAccessor.java:103)
	at java.base/java.lang.reflect.Method.invoke(Method.java:580)
	at org.mybatis.spring.SqlSessionTemplate$SqlSessionInterceptor.invoke(SqlSessionTemplate.java:348)
	... 69 common frames omitted
2026-23-08 23:23:08 [SpringApplicationShutdownHook] INFO  org.springframework.boot.tomcat.GracefulShutdown - Commencing graceful shutdown. Waiting for active requests to complete
2026-23-08 23:23:08 [tomcat-shutdown] INFO  org.springframework.boot.tomcat.GracefulShutdown - Graceful shutdown complete
2026-23-08 23:23:08 [SpringApplicationShutdownHook] INFO  com.zaxxer.hikari.HikariDataSource - HikariPool-1 - Shutdown initiated...
2026-23-08 23:23:08 [SpringApplicationShutdownHook] INFO  com.zaxxer.hikari.HikariDataSource - HikariPool-1 - Shutdown completed.
2026-23-08 23:23:10 [main] INFO  com.wudd.TliasServerApplication - Starting TliasServerApplication using Java 21.0.12 with PID 8112 (D:\10_Code\complete-project\Complete-Tlias\tlias-server\target\classes started by wudd in D:\10_Code\complete-project\Complete-Tlias\tlias-server)
2026-23-08 23:23:10 [main] DEBUG com.wudd.TliasServerApplication - Running with Spring Boot v4.0.8, Spring v7.0.9
2026-23-08 23:23:10 [main] INFO  com.wudd.TliasServerApplication - No active profile set, falling back to 1 default profile: "default"
2026-23-08 23:23:11 [main] INFO  org.springframework.boot.tomcat.TomcatWebServer - Tomcat initialized with port 8080 (http)
2026-23-08 23:23:11 [main] INFO  org.apache.coyote.http11.Http11NioProtocol - Initializing ProtocolHandler ["http-nio-8080"]
2026-23-08 23:23:11 [main] INFO  org.apache.catalina.core.StandardService - Starting service [Tomcat]
2026-23-08 23:23:11 [main] INFO  org.apache.catalina.core.StandardEngine - Starting Servlet engine: [Apache Tomcat/11.0.24]
2026-23-08 23:23:11 [main] INFO  o.s.b.w.c.servlet.WebApplicationContextInitializer - Root WebApplicationContext: initialization completed in 555 ms
2026-23-08 23:23:11 [main] INFO  org.apache.coyote.http11.Http11NioProtocol - Starting ProtocolHandler ["http-nio-8080"]
2026-23-08 23:23:11 [main] INFO  org.springframework.boot.tomcat.TomcatWebServer - Tomcat started on port 8080 (http) with context path '/'
2026-23-08 23:23:11 [main] INFO  com.wudd.TliasServerApplication - Started TliasServerApplication in 1.301 seconds (process running for 1.692)
2026-23-08 23:23:16 [http-nio-8080-exec-2] INFO  o.a.c.core.ContainerBase.[Tomcat].[localhost].[/] - Initializing Spring DispatcherServlet 'dispatcherServlet'
2026-23-08 23:23:16 [http-nio-8080-exec-2] INFO  org.springframework.web.servlet.DispatcherServlet - Initializing Servlet 'dispatcherServlet'
2026-23-08 23:23:16 [http-nio-8080-exec-2] INFO  org.springframework.web.servlet.DispatcherServlet - Completed initialization in 0 ms
2026-23-08 23:23:16 [http-nio-8080-exec-2] INFO  com.wudd.controller.EmpController - 查询员工列表请求
2026-23-08 23:23:16 [http-nio-8080-exec-2] INFO  com.zaxxer.hikari.HikariDataSource - HikariPool-1 - Starting...
2026-23-08 23:23:16 [http-nio-8080-exec-2] INFO  com.zaxxer.hikari.pool.HikariPool - HikariPool-1 - Added connection com.mysql.cj.jdbc.ConnectionImpl@1505bdd5
2026-23-08 23:23:16 [http-nio-8080-exec-2] INFO  com.zaxxer.hikari.HikariDataSource - HikariPool-1 - Start completed.
2026-23-08 23:23:16 [http-nio-8080-exec-2] INFO  com.wudd.aspect.ControllerLogAspect - 总结该次操作 请求调用：com.wudd.controller.EmpController.queryEmpList(searchInfo=SearchInfo(name=, gender=2, job=, begin=null, end=null)) 执行耗时：283ms  |方法返回：Result(code=1, msg=success, data=SearchResult(total=3, empList=[Emp(id=null, name=孙境静, username=sunjingjin, gender=2, avatar=3.jpg, dept=咨询部, job=活动策划, entryDate=2026-10-08, updateTime=2026-10-08T15:07:47, exprList=[Expr(id=null, company=阿里, begin=2020-09-07, end=2021-11-03, job=云存储工程师)]), Emp(id=null, name=刘雅雯, username=niuyawen, gender=2, avatar=6.jpg, dept=咨询部, job=喵喵配音师, entryDate=2026-10-08, updateTime=2026-10-08T15:07:47, exprList=[Expr(id=null, company=拼多多, begin=2017-09-07, end=2022-11-03, job=活动策划)]), Emp(id=null, name=喵喵, username=miaomiao, gender=2, avatar=11.jpg, dept=null, job=null, entryDate=2026-10-08, updateTime=2026-10-08T16:27:57, exprList=[])]))
2026-23-08 23:23:19 [http-nio-8080-exec-1] INFO  com.wudd.controller.EmpController - 查询员工列表请求
2026-23-08 23:23:19 [http-nio-8080-exec-1] INFO  com.wudd.aspect.ControllerLogAspect - 总结该次操作 请求调用：com.wudd.controller.EmpController.queryEmpList(searchInfo=SearchInfo(name=, gender=1, job=, begin=null, end=null)) 执行耗时：11ms  |方法返回：Result(code=1, msg=success, data=SearchResult(total=8, empList=[Emp(id=null, name=王吉意, username=wangjiyi, gender=1, avatar=1.jpg, dept=教研部, job=讲师, entryDate=2026-10-08, updateTime=2026-10-08T15:07:47, exprList=[Expr(id=null, company=百度, begin=2021-09-07, end=2022-11-03, job=java开发工程师)]), Emp(id=null, name=王洋洋, username=wangyangyang, gender=1, avatar=2.jpg, dept=就业部, job=业务咨询, entryDate=2026-10-08, updateTime=2026-10-08T15:07:47, exprList=[Expr(id=null, company=字节, begin=2011-09-07, end=2017-11-03, job=游戏策划)]), Emp(id=null, name=王老吉, username=wanglaoji, gender=1, avatar=4.jpg, dept=教研部, job=教学主管, entryDate=2026-10-08, updateTime=2026-10-08T15:07:47, exprList=[Expr(id=null, company=高德, begin=2011-09-07, end=2022-01-03, job=测试工程师)]), Emp(id=null, name=王老吉, username=wanglaoji, gender=1, avatar=4.jpg, dept=教研部, job=教学主管, entryDate=2026-10-08, updateTime=2026-10-08T15:07:47, exprList=[Expr(id=null, company=腾讯, begin=2021-09-27, end=2022-12-03, job=王者荣耀活动策划)]), Emp(id=null, name=意林天, username=yilingtian, gender=1, avatar=5.jpg, dept=教研部, job=心里咨询师, entryDate=2026-10-08, updateTime=2026-10-08T15:07:47, exprList=[Expr(id=null, company=淘宝, begin=2015-09-07, end=2022-11-03, job=货源审核师)]), Emp(id=null, name=盘王浩, username=pangwanghao, gender=1, avatar=7.jpg, dept=无忧部, job=时间管理师, entryDate=2026-10-08, updateTime=2026-10-08T15:07:47, exprList=[Expr(id=null, company=咸鱼, begin=2019-09-07, end=2022-11-03, job=客服)]), Emp(id=null, name=赖兵则, username=laibingze, gender=1, avatar=8.jpg, dept=无忧部, job=时间管理师, entryDate=2026-10-08, updateTime=2026-10-08T15:07:47, exprList=[Expr(id=null, company=微软, begin=2018-09-07, end=2022-11-03, job=软件开发工程师)]), Emp(id=null, name=苏柯累, username=sukelei, gender=1, avatar=9.jpg, dept=喵喵部, job=喵喵技术美术, entryDate=2026-10-08, updateTime=2026-10-08T15:07:47, exprList=[Expr(id=null, company=雀巢, begin=2025-09-07, end=2026-08-03, job=技术美术)]), Emp(id=null, name=苏柯累, username=sukelei, gender=1, avatar=9.jpg, dept=喵喵部, job=喵喵技术美术, entryDate=2026-10-08, updateTime=2026-10-08T15:07:47, exprList=[Expr(id=null, company=影视飓风, begin=2024-09-07, end=2025-11-03, job=视频剪辑师)]), Emp(id=null, name=岚风, username=lanfeng, gender=1, avatar=10.jpg, dept=教研部, job=喵喵配音师, entryDate=2026-10-08, updateTime=2026-10-08T15:07:47, exprList=[])]))
2026-23-08 23:23:21 [http-nio-8080-exec-3] ERROR com.wudd.exception.GlobalExceptionHandler - 全局异常处理器-拦截到异常：
org.springframework.web.bind.MethodArgumentNotValidException: Validation failed for argument [0] in public com.wudd.pojo.Result com.wudd.controller.EmpController.queryEmpList(com.wudd.pojo.SearchInfo): [Field error in object 'searchInfo' on field 'gender': rejected value [undefined]; codes [typeMismatch.searchInfo.gender,typeMismatch.gender,typeMismatch.java.lang.Integer,typeMismatch]; arguments [org.springframework.context.support.DefaultMessageSourceResolvable: codes [searchInfo.gender,gender]; arguments []; default message [gender]]; default message [Failed to convert property value of type 'java.lang.String' to required type 'java.lang.Integer' for property 'gender'; For input string: "undefined"]] 
	at org.springframework.web.method.annotation.ModelAttributeMethodProcessor.resolveArgument(ModelAttributeMethodProcessor.java:157)
	at org.springframework.web.method.support.HandlerMethodArgumentResolverComposite.resolveArgument(HandlerMethodArgumentResolverComposite.java:122)
	at org.springframework.web.method.support.InvocableHandlerMethod.getMethodArgumentValues(InvocableHandlerMethod.java:224)
	at org.springframework.web.method.support.InvocableHandlerMethod.invokeForRequest(InvocableHandlerMethod.java:174)
	at org.springframework.web.servlet.mvc.method.annotation.ServletInvocableHandlerMethod.invokeAndHandle(ServletInvocableHandlerMethod.java:117)
	at org.springframework.web.servlet.mvc.method.annotation.RequestMappingHandlerAdapter.invokeHandlerMethod(RequestMappingHandlerAdapter.java:934)
	at org.springframework.web.servlet.mvc.method.annotation.RequestMappingHandlerAdapter.handleInternal(RequestMappingHandlerAdapter.java:853)
	at org.springframework.web.servlet.mvc.method.AbstractHandlerMethodAdapter.handle(AbstractHandlerMethodAdapter.java:86)
	at org.springframework.web.servlet.DispatcherServlet.doDispatch(DispatcherServlet.java:963)
	at org.springframework.web.servlet.DispatcherServlet.doService(DispatcherServlet.java:866)
	at org.springframework.web.servlet.FrameworkServlet.processRequest(FrameworkServlet.java:1000)
	at org.springframework.web.servlet.FrameworkServlet.doGet(FrameworkServlet.java:892)
	at jakarta.servlet.http.HttpServlet.service(HttpServlet.java:622)
	at org.springframework.web.servlet.FrameworkServlet.service(FrameworkServlet.java:874)
	at jakarta.servlet.http.HttpServlet.service(HttpServlet.java:710)
	at org.apache.catalina.core.ApplicationFilterChain.doFilter(ApplicationFilterChain.java:132)
	at org.apache.tomcat.websocket.server.WsFilter.doFilter(WsFilter.java:59)
	at org.apache.catalina.core.ApplicationFilterChain.doFilter(ApplicationFilterChain.java:111)
	at org.springframework.web.filter.RequestContextFilter.doFilterInternal(RequestContextFilter.java:100)
	at org.springframework.web.filter.OncePerRequestFilter.doFilter(OncePerRequestFilter.java:116)
	at org.apache.catalina.core.ApplicationFilterChain.doFilter(ApplicationFilterChain.java:111)
	at org.springframework.web.filter.FormContentFilter.doFilterInternal(FormContentFilter.java:93)
	at org.springframework.web.filter.OncePerRequestFilter.doFilter(OncePerRequestFilter.java:116)
	at org.apache.catalina.core.ApplicationFilterChain.doFilter(ApplicationFilterChain.java:111)
	at org.springframework.web.filter.CharacterEncodingFilter.doFilterInternal(CharacterEncodingFilter.java:199)
	at org.springframework.web.filter.OncePerRequestFilter.doFilter(OncePerRequestFilter.java:116)
	at org.apache.catalina.core.ApplicationFilterChain.doFilter(ApplicationFilterChain.java:111)
	at org.apache.catalina.core.StandardWrapperValve.invoke(StandardWrapperValve.java:165)
	at org.apache.catalina.core.StandardContextValve.invoke(StandardContextValve.java:77)
	at org.apache.catalina.authenticator.AuthenticatorBase.invoke(AuthenticatorBase.java:535)
	at org.apache.catalina.core.StandardHostValve.invoke(StandardHostValve.java:115)
	at org.apache.catalina.valves.ErrorReportValve.invoke(ErrorReportValve.java:86)
	at org.apache.catalina.core.StandardEngineValve.invoke(StandardEngineValve.java:71)
	at org.apache.catalina.connector.CoyoteAdapter.service(CoyoteAdapter.java:347)
	at org.apache.coyote.http11.Http11Processor.service(Http11Processor.java:406)
	at org.apache.coyote.AbstractProcessorLight.process(AbstractProcessorLight.java:71)
	at org.apache.coyote.AbstractProtocol$ConnectionHandler.process(AbstractProtocol.java:1307)
	at org.apache.tomcat.util.net.NioEndpoint$SocketProcessor.doRun(NioEndpoint.java:2036)
	at org.apache.tomcat.util.net.SocketProcessorBase.run(SocketProcessorBase.java:74)
	at org.apache.tomcat.util.threads.ThreadPoolExecutor.runWorker(ThreadPoolExecutor.java:949)
	at org.apache.tomcat.util.threads.ThreadPoolExecutor$Worker.run(ThreadPoolExecutor.java:483)
	at org.apache.tomcat.util.threads.TaskThread$WrappingRunnable.run(TaskThread.java:74)
	at java.base/java.lang.Thread.run(Thread.java:1583)
2026-23-08 23:23:28 [http-nio-8080-exec-4] ERROR com.wudd.exception.GlobalExceptionHandler - 全局异常处理器-拦截到异常：
org.springframework.web.bind.MethodArgumentNotValidException: Validation failed for argument [0] in public com.wudd.pojo.Result com.wudd.controller.EmpController.queryEmpList(com.wudd.pojo.SearchInfo): [Field error in object 'searchInfo' on field 'gender': rejected value [undefined]; codes [typeMismatch.searchInfo.gender,typeMismatch.gender,typeMismatch.java.lang.Integer,typeMismatch]; arguments [org.springframework.context.support.DefaultMessageSourceResolvable: codes [searchInfo.gender,gender]; arguments []; default message [gender]]; default message [Failed to convert property value of type 'java.lang.String' to required type 'java.lang.Integer' for property 'gender'; For input string: "undefined"]] 
	at org.springframework.web.method.annotation.ModelAttributeMethodProcessor.resolveArgument(ModelAttributeMethodProcessor.java:157)
	at org.springframework.web.method.support.HandlerMethodArgumentResolverComposite.resolveArgument(HandlerMethodArgumentResolverComposite.java:122)
	at org.springframework.web.method.support.InvocableHandlerMethod.getMethodArgumentValues(InvocableHandlerMethod.java:224)
	at org.springframework.web.method.support.InvocableHandlerMethod.invokeForRequest(InvocableHandlerMethod.java:174)
	at org.springframework.web.servlet.mvc.method.annotation.ServletInvocableHandlerMethod.invokeAndHandle(ServletInvocableHandlerMethod.java:117)
	at org.springframework.web.servlet.mvc.method.annotation.RequestMappingHandlerAdapter.invokeHandlerMethod(RequestMappingHandlerAdapter.java:934)
	at org.springframework.web.servlet.mvc.method.annotation.RequestMappingHandlerAdapter.handleInternal(RequestMappingHandlerAdapter.java:853)
	at org.springframework.web.servlet.mvc.method.AbstractHandlerMethodAdapter.handle(AbstractHandlerMethodAdapter.java:86)
	at org.springframework.web.servlet.DispatcherServlet.doDispatch(DispatcherServlet.java:963)
	at org.springframework.web.servlet.DispatcherServlet.doService(DispatcherServlet.java:866)
	at org.springframework.web.servlet.FrameworkServlet.processRequest(FrameworkServlet.java:1000)
	at org.springframework.web.servlet.FrameworkServlet.doGet(FrameworkServlet.java:892)
	at jakarta.servlet.http.HttpServlet.service(HttpServlet.java:622)
	at org.springframework.web.servlet.FrameworkServlet.service(FrameworkServlet.java:874)
	at jakarta.servlet.http.HttpServlet.service(HttpServlet.java:710)
	at org.apache.catalina.core.ApplicationFilterChain.doFilter(ApplicationFilterChain.java:132)
	at org.apache.tomcat.websocket.server.WsFilter.doFilter(WsFilter.java:59)
	at org.apache.catalina.core.ApplicationFilterChain.doFilter(ApplicationFilterChain.java:111)
	at org.springframework.web.filter.RequestContextFilter.doFilterInternal(RequestContextFilter.java:100)
	at org.springframework.web.filter.OncePerRequestFilter.doFilter(OncePerRequestFilter.java:116)
	at org.apache.catalina.core.ApplicationFilterChain.doFilter(ApplicationFilterChain.java:111)
	at org.springframework.web.filter.FormContentFilter.doFilterInternal(FormContentFilter.java:93)
	at org.springframework.web.filter.OncePerRequestFilter.doFilter(OncePerRequestFilter.java:116)
	at org.apache.catalina.core.ApplicationFilterChain.doFilter(ApplicationFilterChain.java:111)
	at org.springframework.web.filter.CharacterEncodingFilter.doFilterInternal(CharacterEncodingFilter.java:199)
	at org.springframework.web.filter.OncePerRequestFilter.doFilter(OncePerRequestFilter.java:116)
	at org.apache.catalina.core.ApplicationFilterChain.doFilter(ApplicationFilterChain.java:111)
	at org.apache.catalina.core.StandardWrapperValve.invoke(StandardWrapperValve.java:165)
	at org.apache.catalina.core.StandardContextValve.invoke(StandardContextValve.java:77)
	at org.apache.catalina.authenticator.AuthenticatorBase.invoke(AuthenticatorBase.java:535)
	at org.apache.catalina.core.StandardHostValve.invoke(StandardHostValve.java:115)
	at org.apache.catalina.valves.ErrorReportValve.invoke(ErrorReportValve.java:86)
	at org.apache.catalina.core.StandardEngineValve.invoke(StandardEngineValve.java:71)
	at org.apache.catalina.connector.CoyoteAdapter.service(CoyoteAdapter.java:347)
	at org.apache.coyote.http11.Http11Processor.service(Http11Processor.java:406)
	at org.apache.coyote.AbstractProcessorLight.process(AbstractProcessorLight.java:71)
	at org.apache.coyote.AbstractProtocol$ConnectionHandler.process(AbstractProtocol.java:1307)
	at org.apache.tomcat.util.net.NioEndpoint$SocketProcessor.doRun(NioEndpoint.java:2036)
	at org.apache.tomcat.util.net.SocketProcessorBase.run(SocketProcessorBase.java:74)
	at org.apache.tomcat.util.threads.ThreadPoolExecutor.runWorker(ThreadPoolExecutor.java:949)
	at org.apache.tomcat.util.threads.ThreadPoolExecutor$Worker.run(ThreadPoolExecutor.java:483)
	at org.apache.tomcat.util.threads.TaskThread$WrappingRunnable.run(TaskThread.java:74)
	at java.base/java.lang.Thread.run(Thread.java:1583)
2026-23-08 23:23:35 [http-nio-8080-exec-5] ERROR com.wudd.exception.GlobalExceptionHandler - 全局异常处理器-拦截到异常：
org.springframework.web.bind.MethodArgumentNotValidException: Validation failed for argument [0] in public com.wudd.pojo.Result com.wudd.controller.EmpController.queryEmpList(com.wudd.pojo.SearchInfo): [Field error in object 'searchInfo' on field 'gender': rejected value [undefined]; codes [typeMismatch.searchInfo.gender,typeMismatch.gender,typeMismatch.java.lang.Integer,typeMismatch]; arguments [org.springframework.context.support.DefaultMessageSourceResolvable: codes [searchInfo.gender,gender]; arguments []; default message [gender]]; default message [Failed to convert property value of type 'java.lang.String' to required type 'java.lang.Integer' for property 'gender'; For input string: "undefined"]] 
	at org.springframework.web.method.annotation.ModelAttributeMethodProcessor.resolveArgument(ModelAttributeMethodProcessor.java:157)
	at org.springframework.web.method.support.HandlerMethodArgumentResolverComposite.resolveArgument(HandlerMethodArgumentResolverComposite.java:122)
	at org.springframework.web.method.support.InvocableHandlerMethod.getMethodArgumentValues(InvocableHandlerMethod.java:224)
	at org.springframework.web.method.support.InvocableHandlerMethod.invokeForRequest(InvocableHandlerMethod.java:174)
	at org.springframework.web.servlet.mvc.method.annotation.ServletInvocableHandlerMethod.invokeAndHandle(ServletInvocableHandlerMethod.java:117)
	at org.springframework.web.servlet.mvc.method.annotation.RequestMappingHandlerAdapter.invokeHandlerMethod(RequestMappingHandlerAdapter.java:934)
	at org.springframework.web.servlet.mvc.method.annotation.RequestMappingHandlerAdapter.handleInternal(RequestMappingHandlerAdapter.java:853)
	at org.springframework.web.servlet.mvc.method.AbstractHandlerMethodAdapter.handle(AbstractHandlerMethodAdapter.java:86)
	at org.springframework.web.servlet.DispatcherServlet.doDispatch(DispatcherServlet.java:963)
	at org.springframework.web.servlet.DispatcherServlet.doService(DispatcherServlet.java:866)
	at org.springframework.web.servlet.FrameworkServlet.processRequest(FrameworkServlet.java:1000)
	at org.springframework.web.servlet.FrameworkServlet.doGet(FrameworkServlet.java:892)
	at jakarta.servlet.http.HttpServlet.service(HttpServlet.java:622)
	at org.springframework.web.servlet.FrameworkServlet.service(FrameworkServlet.java:874)
	at jakarta.servlet.http.HttpServlet.service(HttpServlet.java:710)
	at org.apache.catalina.core.ApplicationFilterChain.doFilter(ApplicationFilterChain.java:132)
	at org.apache.tomcat.websocket.server.WsFilter.doFilter(WsFilter.java:59)
	at org.apache.catalina.core.ApplicationFilterChain.doFilter(ApplicationFilterChain.java:111)
	at org.springframework.web.filter.RequestContextFilter.doFilterInternal(RequestContextFilter.java:100)
	at org.springframework.web.filter.OncePerRequestFilter.doFilter(OncePerRequestFilter.java:116)
	at org.apache.catalina.core.ApplicationFilterChain.doFilter(ApplicationFilterChain.java:111)
	at org.springframework.web.filter.FormContentFilter.doFilterInternal(FormContentFilter.java:93)
	at org.springframework.web.filter.OncePerRequestFilter.doFilter(OncePerRequestFilter.java:116)
	at org.apache.catalina.core.ApplicationFilterChain.doFilter(ApplicationFilterChain.java:111)
	at org.springframework.web.filter.CharacterEncodingFilter.doFilterInternal(CharacterEncodingFilter.java:199)
	at org.springframework.web.filter.OncePerRequestFilter.doFilter(OncePerRequestFilter.java:116)
	at org.apache.catalina.core.ApplicationFilterChain.doFilter(ApplicationFilterChain.java:111)
	at org.apache.catalina.core.StandardWrapperValve.invoke(StandardWrapperValve.java:165)
	at org.apache.catalina.core.StandardContextValve.invoke(StandardContextValve.java:77)
	at org.apache.catalina.authenticator.AuthenticatorBase.invoke(AuthenticatorBase.java:535)
	at org.apache.catalina.core.StandardHostValve.invoke(StandardHostValve.java:115)
	at org.apache.catalina.valves.ErrorReportValve.invoke(ErrorReportValve.java:86)
	at org.apache.catalina.core.StandardEngineValve.invoke(StandardEngineValve.java:71)
	at org.apache.catalina.connector.CoyoteAdapter.service(CoyoteAdapter.java:347)
	at org.apache.coyote.http11.Http11Processor.service(Http11Processor.java:406)
	at org.apache.coyote.AbstractProcessorLight.process(AbstractProcessorLight.java:71)
	at org.apache.coyote.AbstractProtocol$ConnectionHandler.process(AbstractProtocol.java:1307)
	at org.apache.tomcat.util.net.NioEndpoint$SocketProcessor.doRun(NioEndpoint.java:2036)
	at org.apache.tomcat.util.net.SocketProcessorBase.run(SocketProcessorBase.java:74)
	at org.apache.tomcat.util.threads.ThreadPoolExecutor.runWorker(ThreadPoolExecutor.java:949)
	at org.apache.tomcat.util.threads.ThreadPoolExecutor$Worker.run(ThreadPoolExecutor.java:483)
	at org.apache.tomcat.util.threads.TaskThread$WrappingRunnable.run(TaskThread.java:74)
	at java.base/java.lang.Thread.run(Thread.java:1583)
2026-23-08 23:24:52 [http-nio-8080-exec-6] INFO  com.wudd.controller.EmpController - 查询员工列表请求
2026-23-08 23:24:52 [http-nio-8080-exec-6] INFO  com.wudd.aspect.ControllerLogAspect - 总结该次操作 请求调用：com.wudd.controller.EmpController.queryEmpList(searchInfo=SearchInfo(name=, gender=2, job=, begin=null, end=null)) 执行耗时：7ms  |方法返回：Result(code=1, msg=success, data=SearchResult(total=3, empList=[Emp(id=null, name=孙境静, username=sunjingjin, gender=2, avatar=3.jpg, dept=咨询部, job=活动策划, entryDate=2026-10-08, updateTime=2026-10-08T15:07:47, exprList=[Expr(id=null, company=阿里, begin=2020-09-07, end=2021-11-03, job=云存储工程师)]), Emp(id=null, name=刘雅雯, username=niuyawen, gender=2, avatar=6.jpg, dept=咨询部, job=喵喵配音师, entryDate=2026-10-08, updateTime=2026-10-08T15:07:47, exprList=[Expr(id=null, company=拼多多, begin=2017-09-07, end=2022-11-03, job=活动策划)]), Emp(id=null, name=喵喵, username=miaomiao, gender=2, avatar=11.jpg, dept=null, job=null, entryDate=2026-10-08, updateTime=2026-10-08T16:27:57, exprList=[])]))
2026-23-08 23:24:54 [http-nio-8080-exec-7] INFO  com.wudd.controller.EmpController - 查询员工列表请求
2026-23-08 23:24:55 [http-nio-8080-exec-7] INFO  com.wudd.aspect.ControllerLogAspect - 总结该次操作 请求调用：com.wudd.controller.EmpController.queryEmpList(searchInfo=SearchInfo(name=, gender=1, job=, begin=null, end=null)) 执行耗时：8ms  |方法返回：Result(code=1, msg=success, data=SearchResult(total=8, empList=[Emp(id=null, name=王吉意, username=wangjiyi, gender=1, avatar=1.jpg, dept=教研部, job=讲师, entryDate=2026-10-08, updateTime=2026-10-08T15:07:47, exprList=[Expr(id=null, company=百度, begin=2021-09-07, end=2022-11-03, job=java开发工程师)]), Emp(id=null, name=王洋洋, username=wangyangyang, gender=1, avatar=2.jpg, dept=就业部, job=业务咨询, entryDate=2026-10-08, updateTime=2026-10-08T15:07:47, exprList=[Expr(id=null, company=字节, begin=2011-09-07, end=2017-11-03, job=游戏策划)]), Emp(id=null, name=王老吉, username=wanglaoji, gender=1, avatar=4.jpg, dept=教研部, job=教学主管, entryDate=2026-10-08, updateTime=2026-10-08T15:07:47, exprList=[Expr(id=null, company=高德, begin=2011-09-07, end=2022-01-03, job=测试工程师)]), Emp(id=null, name=王老吉, username=wanglaoji, gender=1, avatar=4.jpg, dept=教研部, job=教学主管, entryDate=2026-10-08, updateTime=2026-10-08T15:07:47, exprList=[Expr(id=null, company=腾讯, begin=2021-09-27, end=2022-12-03, job=王者荣耀活动策划)]), Emp(id=null, name=意林天, username=yilingtian, gender=1, avatar=5.jpg, dept=教研部, job=心里咨询师, entryDate=2026-10-08, updateTime=2026-10-08T15:07:47, exprList=[Expr(id=null, company=淘宝, begin=2015-09-07, end=2022-11-03, job=货源审核师)]), Emp(id=null, name=盘王浩, username=pangwanghao, gender=1, avatar=7.jpg, dept=无忧部, job=时间管理师, entryDate=2026-10-08, updateTime=2026-10-08T15:07:47, exprList=[Expr(id=null, company=咸鱼, begin=2019-09-07, end=2022-11-03, job=客服)]), Emp(id=null, name=赖兵则, username=laibingze, gender=1, avatar=8.jpg, dept=无忧部, job=时间管理师, entryDate=2026-10-08, updateTime=2026-10-08T15:07:47, exprList=[Expr(id=null, company=微软, begin=2018-09-07, end=2022-11-03, job=软件开发工程师)]), Emp(id=null, name=苏柯累, username=sukelei, gender=1, avatar=9.jpg, dept=喵喵部, job=喵喵技术美术, entryDate=2026-10-08, updateTime=2026-10-08T15:07:47, exprList=[Expr(id=null, company=雀巢, begin=2025-09-07, end=2026-08-03, job=技术美术)]), Emp(id=null, name=苏柯累, username=sukelei, gender=1, avatar=9.jpg, dept=喵喵部, job=喵喵技术美术, entryDate=2026-10-08, updateTime=2026-10-08T15:07:47, exprList=[Expr(id=null, company=影视飓风, begin=2024-09-07, end=2025-11-03, job=视频剪辑师)]), Emp(id=null, name=岚风, username=lanfeng, gender=1, avatar=10.jpg, dept=教研部, job=喵喵配音师, entryDate=2026-10-08, updateTime=2026-10-08T15:07:47, exprList=[])]))
2026-23-08 23:26:47 [http-nio-8080-exec-8] INFO  com.wudd.controller.EmpController - 查询员工列表请求
2026-23-08 23:26:47 [http-nio-8080-exec-8] INFO  com.wudd.aspect.ControllerLogAspect - 总结该次操作 请求调用：com.wudd.controller.EmpController.queryEmpList(searchInfo=SearchInfo(name=, gender=null, job=, begin=null, end=null)) 执行耗时：6ms  |方法返回：Result(code=1, msg=success, data=SearchResult(total=11, empList=[Emp(id=null, name=王吉意, username=wangjiyi, gender=1, avatar=1.jpg, dept=教研部, job=讲师, entryDate=2026-10-08, updateTime=2026-10-08T15:07:47, exprList=[Expr(id=null, company=百度, begin=2021-09-07, end=2022-11-03, job=java开发工程师)]), Emp(id=null, name=王洋洋, username=wangyangyang, gender=1, avatar=2.jpg, dept=就业部, job=业务咨询, entryDate=2026-10-08, updateTime=2026-10-08T15:07:47, exprList=[Expr(id=null, company=字节, begin=2011-09-07, end=2017-11-03, job=游戏策划)]), Emp(id=null, name=孙境静, username=sunjingjin, gender=2, avatar=3.jpg, dept=咨询部, job=活动策划, entryDate=2026-10-08, updateTime=2026-10-08T15:07:47, exprList=[Expr(id=null, company=阿里, begin=2020-09-07, end=2021-11-03, job=云存储工程师)]), Emp(id=null, name=王老吉, username=wanglaoji, gender=1, avatar=4.jpg, dept=教研部, job=教学主管, entryDate=2026-10-08, updateTime=2026-10-08T15:07:47, exprList=[Expr(id=null, company=高德, begin=2011-09-07, end=2022-01-03, job=测试工程师)]), Emp(id=null, name=王老吉, username=wanglaoji, gender=1, avatar=4.jpg, dept=教研部, job=教学主管, entryDate=2026-10-08, updateTime=2026-10-08T15:07:47, exprList=[Expr(id=null, company=腾讯, begin=2021-09-27, end=2022-12-03, job=王者荣耀活动策划)]), Emp(id=null, name=意林天, username=yilingtian, gender=1, avatar=5.jpg, dept=教研部, job=心里咨询师, entryDate=2026-10-08, updateTime=2026-10-08T15:07:47, exprList=[Expr(id=null, company=淘宝, begin=2015-09-07, end=2022-11-03, job=货源审核师)]), Emp(id=null, name=刘雅雯, username=niuyawen, gender=2, avatar=6.jpg, dept=咨询部, job=喵喵配音师, entryDate=2026-10-08, updateTime=2026-10-08T15:07:47, exprList=[Expr(id=null, company=拼多多, begin=2017-09-07, end=2022-11-03, job=活动策划)]), Emp(id=null, name=盘王浩, username=pangwanghao, gender=1, avatar=7.jpg, dept=无忧部, job=时间管理师, entryDate=2026-10-08, updateTime=2026-10-08T15:07:47, exprList=[Expr(id=null, company=咸鱼, begin=2019-09-07, end=2022-11-03, job=客服)]), Emp(id=null, name=赖兵则, username=laibingze, gender=1, avatar=8.jpg, dept=无忧部, job=时间管理师, entryDate=2026-10-08, updateTime=2026-10-08T15:07:47, exprList=[Expr(id=null, company=微软, begin=2018-09-07, end=2022-11-03, job=软件开发工程师)]), Emp(id=null, name=苏柯累, username=sukelei, gender=1, avatar=9.jpg, dept=喵喵部, job=喵喵技术美术, entryDate=2026-10-08, updateTime=2026-10-08T15:07:47, exprList=[Expr(id=null, company=雀巢, begin=2025-09-07, end=2026-08-03, job=技术美术)]), Emp(id=null, name=苏柯累, username=sukelei, gender=1, avatar=9.jpg, dept=喵喵部, job=喵喵技术美术, entryDate=2026-10-08, updateTime=2026-10-08T15:07:47, exprList=[Expr(id=null, company=影视飓风, begin=2024-09-07, end=2025-11-03, job=视频剪辑师)]), Emp(id=null, name=岚风, username=lanfeng, gender=1, avatar=10.jpg, dept=教研部, job=喵喵配音师, entryDate=2026-10-08, updateTime=2026-10-08T15:07:47, exprList=[]), Emp(id=null, name=喵喵, username=miaomiao, gender=2, avatar=11.jpg, dept=null, job=null, entryDate=2026-10-08, updateTime=2026-10-08T16:27:57, exprList=[])]))
2026-23-08 23:33:01 [http-nio-8080-exec-9] INFO  com.wudd.controller.EmpController - 查询员工列表请求
2026-23-08 23:33:01 [http-nio-8080-exec-9] INFO  com.wudd.aspect.ControllerLogAspect - 总结该次操作 请求调用：com.wudd.controller.EmpController.queryEmpList(searchInfo=SearchInfo(name=, gender=null, job=, begin=null, end=null)) 执行耗时：12ms  |方法返回：Result(code=1, msg=success, data=SearchResult(total=11, empList=[Emp(id=null, name=王吉意, username=wangjiyi, gender=1, avatar=1.jpg, dept=教研部, job=讲师, entryDate=2026-10-08, updateTime=2026-10-08T15:07:47, exprList=[Expr(id=null, company=百度, begin=2021-09-07, end=2022-11-03, job=java开发工程师)]), Emp(id=null, name=王洋洋, username=wangyangyang, gender=1, avatar=2.jpg, dept=就业部, job=业务咨询, entryDate=2026-10-08, updateTime=2026-10-08T15:07:47, exprList=[Expr(id=null, company=字节, begin=2011-09-07, end=2017-11-03, job=游戏策划)]), Emp(id=null, name=孙境静, username=sunjingjin, gender=2, avatar=3.jpg, dept=咨询部, job=活动策划, entryDate=2026-10-08, updateTime=2026-10-08T15:07:47, exprList=[Expr(id=null, company=阿里, begin=2020-09-07, end=2021-11-03, job=云存储工程师)]), Emp(id=null, name=王老吉, username=wanglaoji, gender=1, avatar=4.jpg, dept=教研部, job=教学主管, entryDate=2026-10-08, updateTime=2026-10-08T15:07:47, exprList=[Expr(id=null, company=高德, begin=2011-09-07, end=2022-01-03, job=测试工程师)]), Emp(id=null, name=王老吉, username=wanglaoji, gender=1, avatar=4.jpg, dept=教研部, job=教学主管, entryDate=2026-10-08, updateTime=2026-10-08T15:07:47, exprList=[Expr(id=null, company=腾讯, begin=2021-09-27, end=2022-12-03, job=王者荣耀活动策划)]), Emp(id=null, name=意林天, username=yilingtian, gender=1, avatar=5.jpg, dept=教研部, job=心里咨询师, entryDate=2026-10-08, updateTime=2026-10-08T15:07:47, exprList=[Expr(id=null, company=淘宝, begin=2015-09-07, end=2022-11-03, job=货源审核师)]), Emp(id=null, name=刘雅雯, username=niuyawen, gender=2, avatar=6.jpg, dept=咨询部, job=喵喵配音师, entryDate=2026-10-08, updateTime=2026-10-08T15:07:47, exprList=[Expr(id=null, company=拼多多, begin=2017-09-07, end=2022-11-03, job=活动策划)]), Emp(id=null, name=盘王浩, username=pangwanghao, gender=1, avatar=7.jpg, dept=无忧部, job=时间管理师, entryDate=2026-10-08, updateTime=2026-10-08T15:07:47, exprList=[Expr(id=null, company=咸鱼, begin=2019-09-07, end=2022-11-03, job=客服)]), Emp(id=null, name=赖兵则, username=laibingze, gender=1, avatar=8.jpg, dept=无忧部, job=时间管理师, entryDate=2026-10-08, updateTime=2026-10-08T15:07:47, exprList=[Expr(id=null, company=微软, begin=2018-09-07, end=2022-11-03, job=软件开发工程师)]), Emp(id=null, name=苏柯累, username=sukelei, gender=1, avatar=9.jpg, dept=喵喵部, job=喵喵技术美术, entryDate=2026-10-08, updateTime=2026-10-08T15:07:47, exprList=[Expr(id=null, company=雀巢, begin=2025-09-07, end=2026-08-03, job=技术美术)]), Emp(id=null, name=苏柯累, username=sukelei, gender=1, avatar=9.jpg, dept=喵喵部, job=喵喵技术美术, entryDate=2026-10-08, updateTime=2026-10-08T15:07:47, exprList=[Expr(id=null, company=影视飓风, begin=2024-09-07, end=2025-11-03, job=视频剪辑师)]), Emp(id=null, name=岚风, username=lanfeng, gender=1, avatar=10.jpg, dept=教研部, job=喵喵配音师, entryDate=2026-10-08, updateTime=2026-10-08T15:07:47, exprList=[]), Emp(id=null, name=喵喵, username=miaomiao, gender=2, avatar=11.jpg, dept=null, job=null, entryDate=2026-10-08, updateTime=2026-10-08T16:27:57, exprList=[])]))
2026-23-08 23:33:04 [http-nio-8080-exec-10] INFO  com.wudd.controller.EmpController - 查询员工列表请求
2026-23-08 23:33:04 [http-nio-8080-exec-10] INFO  com.wudd.aspect.ControllerLogAspect - 总结该次操作 请求调用：com.wudd.controller.EmpController.queryEmpList(searchInfo=SearchInfo(name=, gender=1, job=, begin=null, end=null)) 执行耗时：4ms  |方法返回：Result(code=1, msg=success, data=SearchResult(total=8, empList=[Emp(id=null, name=王吉意, username=wangjiyi, gender=1, avatar=1.jpg, dept=教研部, job=讲师, entryDate=2026-10-08, updateTime=2026-10-08T15:07:47, exprList=[Expr(id=null, company=百度, begin=2021-09-07, end=2022-11-03, job=java开发工程师)]), Emp(id=null, name=王洋洋, username=wangyangyang, gender=1, avatar=2.jpg, dept=就业部, job=业务咨询, entryDate=2026-10-08, updateTime=2026-10-08T15:07:47, exprList=[Expr(id=null, company=字节, begin=2011-09-07, end=2017-11-03, job=游戏策划)]), Emp(id=null, name=王老吉, username=wanglaoji, gender=1, avatar=4.jpg, dept=教研部, job=教学主管, entryDate=2026-10-08, updateTime=2026-10-08T15:07:47, exprList=[Expr(id=null, company=高德, begin=2011-09-07, end=2022-01-03, job=测试工程师)]), Emp(id=null, name=王老吉, username=wanglaoji, gender=1, avatar=4.jpg, dept=教研部, job=教学主管, entryDate=2026-10-08, updateTime=2026-10-08T15:07:47, exprList=[Expr(id=null, company=腾讯, begin=2021-09-27, end=2022-12-03, job=王者荣耀活动策划)]), Emp(id=null, name=意林天, username=yilingtian, gender=1, avatar=5.jpg, dept=教研部, job=心里咨询师, entryDate=2026-10-08, updateTime=2026-10-08T15:07:47, exprList=[Expr(id=null, company=淘宝, begin=2015-09-07, end=2022-11-03, job=货源审核师)]), Emp(id=null, name=盘王浩, username=pangwanghao, gender=1, avatar=7.jpg, dept=无忧部, job=时间管理师, entryDate=2026-10-08, updateTime=2026-10-08T15:07:47, exprList=[Expr(id=null, company=咸鱼, begin=2019-09-07, end=2022-11-03, job=客服)]), Emp(id=null, name=赖兵则, username=laibingze, gender=1, avatar=8.jpg, dept=无忧部, job=时间管理师, entryDate=2026-10-08, updateTime=2026-10-08T15:07:47, exprList=[Expr(id=null, company=微软, begin=2018-09-07, end=2022-11-03, job=软件开发工程师)]), Emp(id=null, name=苏柯累, username=sukelei, gender=1, avatar=9.jpg, dept=喵喵部, job=喵喵技术美术, entryDate=2026-10-08, updateTime=2026-10-08T15:07:47, exprList=[Expr(id=null, company=雀巢, begin=2025-09-07, end=2026-08-03, job=技术美术)]), Emp(id=null, name=苏柯累, username=sukelei, gender=1, avatar=9.jpg, dept=喵喵部, job=喵喵技术美术, entryDate=2026-10-08, updateTime=2026-10-08T15:07:47, exprList=[Expr(id=null, company=影视飓风, begin=2024-09-07, end=2025-11-03, job=视频剪辑师)]), Emp(id=null, name=岚风, username=lanfeng, gender=1, avatar=10.jpg, dept=教研部, job=喵喵配音师, entryDate=2026-10-08, updateTime=2026-10-08T15:07:47, exprList=[])]))
2026-23-08 23:33:06 [http-nio-8080-exec-2] INFO  com.wudd.controller.EmpController - 查询员工列表请求
2026-23-08 23:33:06 [http-nio-8080-exec-2] INFO  com.wudd.aspect.ControllerLogAspect - 总结该次操作 请求调用：com.wudd.controller.EmpController.queryEmpList(searchInfo=SearchInfo(name=, gender=2, job=, begin=null, end=null)) 执行耗时：4ms  |方法返回：Result(code=1, msg=success, data=SearchResult(total=3, empList=[Emp(id=null, name=孙境静, username=sunjingjin, gender=2, avatar=3.jpg, dept=咨询部, job=活动策划, entryDate=2026-10-08, updateTime=2026-10-08T15:07:47, exprList=[Expr(id=null, company=阿里, begin=2020-09-07, end=2021-11-03, job=云存储工程师)]), Emp(id=null, name=刘雅雯, username=niuyawen, gender=2, avatar=6.jpg, dept=咨询部, job=喵喵配音师, entryDate=2026-10-08, updateTime=2026-10-08T15:07:47, exprList=[Expr(id=null, company=拼多多, begin=2017-09-07, end=2022-11-03, job=活动策划)]), Emp(id=null, name=喵喵, username=miaomiao, gender=2, avatar=11.jpg, dept=null, job=null, entryDate=2026-10-08, updateTime=2026-10-08T16:27:57, exprList=[])]))
2026-23-08 23:33:08 [http-nio-8080-exec-1] INFO  com.wudd.controller.EmpController - 查询员工列表请求
2026-23-08 23:33:08 [http-nio-8080-exec-1] INFO  com.wudd.aspect.ControllerLogAspect - 总结该次操作 请求调用：com.wudd.controller.EmpController.queryEmpList(searchInfo=SearchInfo(name=, gender=null, job=, begin=null, end=null)) 执行耗时：6ms  |方法返回：Result(code=1, msg=success, data=SearchResult(total=11, empList=[Emp(id=null, name=王吉意, username=wangjiyi, gender=1, avatar=1.jpg, dept=教研部, job=讲师, entryDate=2026-10-08, updateTime=2026-10-08T15:07:47, exprList=[Expr(id=null, company=百度, begin=2021-09-07, end=2022-11-03, job=java开发工程师)]), Emp(id=null, name=王洋洋, username=wangyangyang, gender=1, avatar=2.jpg, dept=就业部, job=业务咨询, entryDate=2026-10-08, updateTime=2026-10-08T15:07:47, exprList=[Expr(id=null, company=字节, begin=2011-09-07, end=2017-11-03, job=游戏策划)]), Emp(id=null, name=孙境静, username=sunjingjin, gender=2, avatar=3.jpg, dept=咨询部, job=活动策划, entryDate=2026-10-08, updateTime=2026-10-08T15:07:47, exprList=[Expr(id=null, company=阿里, begin=2020-09-07, end=2021-11-03, job=云存储工程师)]), Emp(id=null, name=王老吉, username=wanglaoji, gender=1, avatar=4.jpg, dept=教研部, job=教学主管, entryDate=2026-10-08, updateTime=2026-10-08T15:07:47, exprList=[Expr(id=null, company=高德, begin=2011-09-07, end=2022-01-03, job=测试工程师)]), Emp(id=null, name=王老吉, username=wanglaoji, gender=1, avatar=4.jpg, dept=教研部, job=教学主管, entryDate=2026-10-08, updateTime=2026-10-08T15:07:47, exprList=[Expr(id=null, company=腾讯, begin=2021-09-27, end=2022-12-03, job=王者荣耀活动策划)]), Emp(id=null, name=意林天, username=yilingtian, gender=1, avatar=5.jpg, dept=教研部, job=心里咨询师, entryDate=2026-10-08, updateTime=2026-10-08T15:07:47, exprList=[Expr(id=null, company=淘宝, begin=2015-09-07, end=2022-11-03, job=货源审核师)]), Emp(id=null, name=刘雅雯, username=niuyawen, gender=2, avatar=6.jpg, dept=咨询部, job=喵喵配音师, entryDate=2026-10-08, updateTime=2026-10-08T15:07:47, exprList=[Expr(id=null, company=拼多多, begin=2017-09-07, end=2022-11-03, job=活动策划)]), Emp(id=null, name=盘王浩, username=pangwanghao, gender=1, avatar=7.jpg, dept=无忧部, job=时间管理师, entryDate=2026-10-08, updateTime=2026-10-08T15:07:47, exprList=[Expr(id=null, company=咸鱼, begin=2019-09-07, end=2022-11-03, job=客服)]), Emp(id=null, name=赖兵则, username=laibingze, gender=1, avatar=8.jpg, dept=无忧部, job=时间管理师, entryDate=2026-10-08, updateTime=2026-10-08T15:07:47, exprList=[Expr(id=null, company=微软, begin=2018-09-07, end=2022-11-03, job=软件开发工程师)]), Emp(id=null, name=苏柯累, username=sukelei, gender=1, avatar=9.jpg, dept=喵喵部, job=喵喵技术美术, entryDate=2026-10-08, updateTime=2026-10-08T15:07:47, exprList=[Expr(id=null, company=雀巢, begin=2025-09-07, end=2026-08-03, job=技术美术)]), Emp(id=null, name=苏柯累, username=sukelei, gender=1, avatar=9.jpg, dept=喵喵部, job=喵喵技术美术, entryDate=2026-10-08, updateTime=2026-10-08T15:07:47, exprList=[Expr(id=null, company=影视飓风, begin=2024-09-07, end=2025-11-03, job=视频剪辑师)]), Emp(id=null, name=岚风, username=lanfeng, gender=1, avatar=10.jpg, dept=教研部, job=喵喵配音师, entryDate=2026-10-08, updateTime=2026-10-08T15:07:47, exprList=[]), Emp(id=null, name=喵喵, username=miaomiao, gender=2, avatar=11.jpg, dept=null, job=null, entryDate=2026-10-08, updateTime=2026-10-08T16:27:57, exprList=[])]))
2026-23-08 23:33:29 [SpringApplicationShutdownHook] INFO  org.springframework.boot.tomcat.GracefulShutdown - Commencing graceful shutdown. Waiting for active requests to complete
2026-23-08 23:33:29 [tomcat-shutdown] INFO  org.springframework.boot.tomcat.GracefulShutdown - Graceful shutdown complete
2026-23-08 23:33:29 [SpringApplicationShutdownHook] INFO  com.zaxxer.hikari.HikariDataSource - HikariPool-1 - Shutdown initiated...
2026-23-08 23:33:29 [SpringApplicationShutdownHook] INFO  com.zaxxer.hikari.HikariDataSource - HikariPool-1 - Shutdown completed.
